sizing_case,metric,reference_controller,comparator_controller,paired_months,reference_mean,comparator_mean,mean_paired_difference,median_paired_difference,mean_paired_difference_pct,bootstrap_ci95_low,bootstrap_ci95_high,months_comparator_lower,months_equal,months_comparator_higher,wilcoxon_p_value,wilcoxon_holm_p_value,ci_excludes_zero
economic,operation_total_cost_inventory_adjusted,prototype,ideal,12,15.00903715248655,15.00903715248655,0.0,0.0,0.0,0.0,0.0,0,12,0,1.0,1.0,False
economic,operation_total_cost_inventory_adjusted,prototype,lstm,12,15.00903715248655,15.00903715248655,0.0,0.0,0.0,0.0,0.0,0,12,0,1.0,1.0,False
economic,operation_total_cost_inventory_adjusted,prototype,load_shifting,12,15.00903715248655,15.00903715248655,-1.4802973661668753e-16,0.0,-9.862707055273255e-16,-4.440892098500626e-16,0.0,0,12,0,1.0,1.0,False
economic,operation_total_cost_inventory_adjusted,prototype,reserve_only,12,15.00903715248655,15.00903715248655,-1.4802973661668753e-16,0.0,-9.862707055273255e-16,-4.440892098500626e-16,0.0,0,12,0,1.0,1.0,False
economic,operation_total_cost_inventory_adjusted,prototype,peak_shaving,12,15.00903715248655,15.00903715248655,-1.4802973661668753e-16,0.0,-9.862707055273255e-16,-4.440892098500626e-16,0.0,0,12,0,1.0,1.0,False
economic,operation_total_cost_inventory_adjusted,prototype,self_consumption,12,15.00903715248655,15.00903715248655,-1.4802973661668753e-16,0.0,-9.862707055273255e-16,-4.440892098500626e-16,0.0,0,12,0,1.0,1.0,False
economic,operation_total_cost,prototype,ideal,12,15.00903715248655,15.00903715248655,0.0,0.0,0.0,0.0,0.0,0,12,0,1.0,1.0,False
economic,operation_total_cost,prototype,lstm,12,15.00903715248655,15.00903715248655,0.0,0.0,0.0,0.0,0.0,0,12,0,1.0,1.0,False
economic,operation_total_cost,prototype,load_shifting,12,15.00903715248655,15.00903715248655,-1.4802973661668753e-16,0.0,-9.862707055273255e-16,-4.440892098500626e-16,0.0,0,12,0,1.0,1.0,False
economic,operation_total_cost,prototype,reserve_only,12,15.00903715248655,15.00903715248655,-1.4802973661668753e-16,0.0,-9.862707055273255e-16,-4.440892098500626e-16,0.0,0,12,0,1.0,1.0,False
economic,operation_total_cost,prototype,peak_shaving,12,15.00903715248655,15.00903715248655,-1.4802973661668753e-16,0.0,-9.862707055273255e-16,-4.440892098500626e-16,0.0,0,12,0,1.0,1.0,False
economic,operation_total_cost,prototype,self_consumption,12,15.00903715248655,15.00903715248655,-1.4802973661668753e-16,0.0,-9.862707055273255e-16,-4.440892098500626e-16,0.0,0,12,0,1.0,1.0,False
economic,operation_wear_cost,prototype,ideal,12,0.0,0.0,0.0,0.0,,0.0,0.0,0,12,0,1.0,1.0,False
economic,operation_wear_cost,prototype,lstm,12,0.0,0.0,0.0,0.0,,0.0,0.0,0,12,0,1.0,1.0,False
economic,operation_wear_cost,prototype,load_shifting,12,0.0,0.0,0.0,0.0,,0.0,0.0,0,12,0,1.0,1.0,False
economic,operation_wear_cost,prototype,reserve_only,12,0.0,0.0,0.0,0.0,,0.0,0.0,0,12,0,1.0,1.0,False
economic,operation_wear_cost,prototype,peak_shaving,12,0.0,0.0,0.0,0.0,,0.0,0.0,0,12,0,1.0,1.0,False
economic,operation_wear_cost,prototype,self_consumption,12,0.0,0.0,0.0,0.0,,0.0,0.0,0,12,0,1.0,1.0,False
economic,operation_bess_throughput_kwh,prototype,ideal,12,0.0,0.0,0.0,0.0,,0.0,0.0,0,12,0,1.0,1.0,False
economic,operation_bess_throughput_kwh,prototype,lstm,12,0.0,0.0,0.0,0.0,,0.0,0.0,0,12,0,1.0,1.0,False
economic,operation_bess_throughput_kwh,prototype,load_shifting,12,0.0,0.0,0.0,0.0,,0.0,0.0,0,12,0,1.0,1.0,False
economic,operation_bess_throughput_kwh,prototype,reserve_only,12,0.0,0.0,0.0,0.0,,0.0,0.0,0,12,0,1.0,1.0,False
economic,operation_bess_throughput_kwh,prototype,peak_shaving,12,0.0,0.0,0.0,0.0,,0.0,0.0,0,12,0,1.0,1.0,False
economic,operation_bess_throughput_kwh,prototype,self_consumption,12,0.0,0.0,0.0,0.0,,0.0,0.0,0,12,0,1.0,1.0,False
economic,load_shed_kwh,prototype,ideal,12,0.5390048966192907,0.5390048966192907,0.0,0.0,0.0,0.0,0.0,0,12,0,1.0,1.0,False
economic,load_shed_kwh,prototype,lstm,12,0.5390048966192907,0.5390048966192907,0.0,0.0,0.0,0.0,0.0,0,12,0,1.0,1.0,False
economic,load_shed_kwh,prototype,load_shifting,12,0.5390048966192907,0.5390048966192907,-9.25185853854297e-18,0.0,-1.7164702206922123e-15,-2.42861286636753e-17,0.0,0,12,0,1.0,1.0,False
economic,load_shed_kwh,prototype,reserve_only,12,0.5390048966192907,0.5390048966192907,-9.25185853854297e-18,0.0,-1.7164702206922123e-15,-2.42861286636753e-17,0.0,0,12,0,1.0,1.0,False
economic,load_shed_kwh,prototype,peak_shaving,12,0.5390048966192907,0.5390048966192907,-9.25185853854297e-18,0.0,-1.7164702206922123e-15,-2.42861286636753e-17,0.0,0,12,0,1.0,1.0,False
economic,load_shed_kwh,prototype,self_consumption,12,0.5390048966192907,0.5390048966192907,-9.25185853854297e-18,0.0,-1.7164702206922123e-15,-2.42861286636753e-17,0.0,0,12,0,1.0,1.0,False
economic,pv_curtailed_kwh,prototype,ideal,12,2.419781456661155,2.419781456661155,0.0,0.0,0.0,0.0,0.0,0,12,0,1.0,1.0,False
economic,pv_curtailed_kwh,prototype,lstm,12,2.419781456661155,2.419781456661155,0.0,0.0,0.0,0.0,0.0,0,12,0,1.0,1.0,False
economic,pv_curtailed_kwh,prototype,load_shifting,12,2.419781456661155,2.419781456661155,9.251858538542972e-17,0.0,3.8234273236016955e-15,0.0,2.4054832200211723e-16,0,12,0,1.0,1.0,False
economic,pv_curtailed_kwh,prototype,reserve_only,12,2.419781456661155,2.419781456661155,9.251858538542972e-17,0.0,3.8234273236016955e-15,0.0,2.4054832200211723e-16,0,12,0,1.0,1.0,False
economic,pv_curtailed_kwh,prototype,peak_shaving,12,2.419781456661155,2.419781456661155,9.251858538542972e-17,0.0,3.8234273236016955e-15,0.0,2.4054832200211723e-16,0,12,0,1.0,1.0,False
economic,pv_curtailed_kwh,prototype,self_consumption,12,2.419781456661155,2.419781456661155,9.251858538542972e-17,0.0,3.8234273236016955e-15,0.0,2.590520390792032e-16,0,12,0,1.0,1.0,False
critical_50,operation_total_cost_inventory_adjusted,prototype,ideal,12,11.16924114670018,10.973384461774094,-0.1958566849260883,-0.2105859199359399,-1.7535361834671446,-0.27353995992347074,-0.11395214167224803,11,0,1,0.00244140625,0.0029296875,True
critical_50,operation_total_cost_inventory_adjusted,prototype,lstm,12,11.16924114670018,10.968096847934385,-0.20114429876579654,-0.17644970014977046,-1.8008770347412744,-0.26267482427485406,-0.14639443425600082,12,0,0,0.00048828125,0.0029296875,True
critical_50,operation_total_cost_inventory_adjusted,prototype,load_shifting,12,11.16924114670018,11.752647036317386,0.5834058896172031,0.6203566748842002,5.223326114590725,0.47789321948110386,0.6889278935725227,0,0,12,0.00048828125,0.0029296875,True
critical_50,operation_total_cost_inventory_adjusted,prototype,reserve_only,12,11.16924114670018,11.6761654507492,0.5069243040490178,0.4772198621266144,4.538574262932648,0.39457722554477415,0.6205549809903168,0,0,12,0.00048828125,0.0029296875,True
critical_50,operation_total_cost_inventory_adjusted,prototype,peak_shaving,12,11.16924114670018,14.676996094871138,3.5077549481709593,2.718182443438489,31.40549032919111,2.3292480040163155,5.367047855654975,0,0,12,0.00048828125,0.0029296875,True
critical_50,operation_total_cost_inventory_adjusted,prototype,self_consumption,12,11.16924114670018,17.0353847850255,5.866143638325318,4.351364130817703,52.52052096715989,4.264034074009135,7.913407660500167,0,0,12,0.00048828125,0.0029296875,True
critical_50,operation_total_cost,prototype,ideal,12,10.905946521061736,10.67364990119691,-0.23229661986482553,-0.23049794300436677,-2.129999623748481,-0.4011796285380057,-0.05275399094260672,9,0,3,0.0341796875,0.068359375,True
critical_50,operation_total_cost,prototype,lstm,12,10.905946521061736,10.794962447857253,-0.11098407320448202,-0.08271567168385152,-1.0176473265309693,-0.2245365928340283,-0.020185085298068402,9,0,3,0.06396484375,0.068359375,True
critical_50,operation_total_cost,prototype,load_shifting,12,10.905946521061736,12.510158659850498,1.6042121387887611,1.6080267923300777,14.70951774511897,1.4461047712269273,1.7598035893249615,0,0,12,0.00048828125,0.0029296875,True
critical_50,operation_total_cost,prototype,reserve_only,12,10.905946521061736,11.63960748357123,0.7336609625094929,0.7643886690469093,6.7271644977594125,0.5062226530897411,0.9661477882592069,0,0,12,0.00048828125,0.0029296875,True
critical_50,operation_total_cost,prototype,peak_shaving,12,10.905946521061736,14.364375223097872,3.4584287020361337,2.6429329372397374,31.711403456427753,2.386633349147275,5.2326206121487315,0,0,12,0.00048828125,0.0029296875,True
critical_50,operation_total_cost,prototype,self_consumption,12,10.905946521061736,16.28289540940701,5.3769488883452725,4.037691441679791,49.302908995209386,3.869824866758562,7.34052187276436,0,0,12,0.00048828125,0.0029296875,True
critical_50,operation_wear_cost,prototype,ideal,12,2.663552264672613,3.634400273379646,0.9708480087070327,0.8405649904950603,36.4493695724932,0.694676899988303,1.2608766155594324,0,0,12,0.00048828125,0.0029296875,True
critical_50,operation_wear_cost,prototype,lstm,12,2.663552264672613,3.2065102195816375,0.542957954909025,0.5367719318194422,20.384730651259137,0.3836565509743915,0.7091161772880978,0,0,12,0.00048828125,0.0029296875,True
critical_50,operation_wear_cost,prototype,load_shifting,12,2.663552264672613,4.891356951590027,2.2278046869174153,1.8838850777210208,83.6403593976874,1.477440383644113,3.0422764890453045,0,0,12,0.00048828125,0.0029296875,True
critical_50,operation_wear_cost,prototype,reserve_only,12,2.663552264672613,0.09029792375742358,-2.5732543409151893,-2.6245552903653078,-96.60986852200844,-2.9360949659190205,-2.1973882387180588,12,0,0,0.00048828125,0.0029296875,True
critical_50,operation_wear_cost,prototype,peak_shaving,12,2.663552264672613,4.222493284087714,1.5589410194151005,1.43753733403824,58.52864387501388,1.1341833672839707,1.9805268152351465,0,0,12,0.00048828125,0.0029296875,True
critical_50,operation_wear_cost,prototype,self_consumption,12,2.663552264672613,6.70567627410698,4.0421240094343664,4.343754742086876,151.75688733598773,3.32534742281074,4.8168363784193495,0,0,12,0.00048828125,0.0029296875,True
critical_50,operation_bess_throughput_kwh,prototype,ideal,12,29.165897302394168,39.79668299927764,10.630785696883473,9.204186647255518,36.44936957249319,7.619670459806204,13.821885959623847,0,0,12,0.00048828125,0.0029296875,True
critical_50,operation_bess_throughput_kwh,prototype,lstm,12,29.165897302394168,35.11128690951007,5.945389607115904,5.877652654275153,20.38473065125913,4.207629116916021,7.7424981954903185,0,0,12,0.00048828125,0.0029296875,True
critical_50,operation_bess_throughput_kwh,prototype,load_shifting,12,29.165897302394168,53.560358627677054,24.394461325282894,20.628541604036315,83.6403593976874,16.15129254803681,33.381821037103144,0,0,12,0.00048828125,0.0029296875,True
critical_50,operation_bess_throughput_kwh,prototype,reserve_only,12,29.165897302394168,0.9887622652871596,-28.177135037107007,-28.738880433667255,-96.60986852200843,-32.06717455375097,-24.01216933891237,12,0,0,0.00048828125,0.0029296875,True
critical_50,operation_bess_throughput_kwh,prototype,peak_shaving,12,29.165897302394168,46.23630146746473,17.07040416507056,15.741033810001188,58.52864387501388,12.486029397466421,21.672072673537894,0,0,12,0.00048828125,0.0029296875,True
critical_50,operation_bess_throughput_kwh,prototype,self_consumption,12,29.165897302394168,73.42715521211835,44.26125790972418,47.564114432748084,151.75688733598767,36.43021494384845,52.65262120050846,0,0,12,0.00048828125,0.0029296875,True
critical_50,load_shed_kwh,prototype,ideal,12,0.0006435000468964872,0.0006435000468964872,0.0,0.0,0.0,0.0,0.0,0,12,0,1.0,1.0,False
critical_50,load_shed_kwh,prototype,lstm,12,0.0006435000468964872,0.0006435000468964872,0.0,0.0,0.0,0.0,0.0,0,12,0,1.0,1.0,False
critical_50,load_shed_kwh,prototype,load_shifting,12,0.0006435000468964872,0.0006435000468964833,-3.903127820947816e-18,0.0,-6.065466257185323e-13,-1.1709383462843448e-17,0.0,0,12,0,1.0,1.0,False
critical_50,load_shed_kwh,prototype,reserve_only,12,0.0006435000468964872,0.0006435000468964833,-3.903127820947816e-18,0.0,-6.065466257185323e-13,-1.1709383462843448e-17,0.0,0,12,0,1.0,1.0,False
critical_50,load_shed_kwh,prototype,peak_shaving,12,0.0006435000468964872,0.2523629693853136,0.2517194693384171,0.0,39117.24180167907,0.018238052557447666,0.6460084669594678,0,8,4,0.125,0.625,True
critical_50,load_shed_kwh,prototype,self_consumption,12,0.0006435000468964872,0.4444552363898957,0.4438117363429992,0.1091095388554213,68968.40776988945,0.11284229512993893,0.9084145736055994,0,5,7,0.015625,0.09375,True
critical_50,pv_curtailed_kwh,prototype,ideal,12,1.0488796495309882,0.6145479672457085,-0.43433168228528,-0.15796266515442153,-41.40910565663979,-0.9452241568213052,0.03157171524625215,11,0,1,0.02099609375,0.0419921875,False
critical_50,pv_curtailed_kwh,prototype,lstm,12,1.0488796495309882,0.29292260303866186,-0.7559570464923264,-0.21405854020536408,-72.07281091118094,-1.3848851400077538,-0.2496936548640431,12,0,0,0.00048828125,0.0029296875,True
critical_50,pv_curtailed_kwh,prototype,load_shifting,12,1.0488796495309882,4.65917558295603,3.6102959334250433,3.6014821604497422,344.20497480711015,2.6641730762228915,4.570174576189037,0,0,12,0.00048828125,0.0029296875,True
critical_50,pv_curtailed_kwh,prototype,reserve_only,12,1.0488796495309882,4.219765402210155,3.1708857526791654,3.435955516560674,302.31168600678285,2.3242377270647587,4.0511142888897185,0,0,12,0.00048828125,0.0029296875,True
critical_50,pv_curtailed_kwh,prototype,peak_shaving,12,1.0488796495309882,2.9465412278208434,1.8976615782898552,1.5152966256525706,180.92271874455795,0.9536105239158605,2.9882863590441495,2,0,10,0.00244140625,0.00732421875,True
critical_50,pv_curtailed_kwh,prototype,self_consumption,12,1.0488796495309882,1.1599718176976308,0.11109216816664241,-0.11709890130210954,10.59150763543919,-0.14528661740857138,0.4968764882207091,8,0,4,0.85009765625,0.85009765625,False
full_100,operation_total_cost_inventory_adjusted,prototype,ideal,12,10.646268508070792,10.462722134787628,-0.18354637328316406,-0.20543196031707112,-1.7240441864116056,-0.2998033059435013,-0.04802973017180862,11,0,1,0.02099609375,0.02099609375,True
full_100,operation_total_cost_inventory_adjusted,prototype,lstm,12,10.646268508070792,10.355692570602129,-0.29057593746866267,-0.1918902900484074,-2.72936886053908,-0.42595306496511803,-0.17588155124650642,12,0,0,0.00048828125,0.0029296875,True
full_100,operation_total_cost_inventory_adjusted,prototype,load_shifting,12,10.646268508070792,11.13954652807814,0.49327802000734927,0.5666865950665274,4.633341904099092,0.3606139070163775,0.6215306615845255,0,0,12,0.00048828125,0.0029296875,True
full_100,operation_total_cost_inventory_adjusted,prototype,reserve_only,12,10.646268508070792,11.164047113800267,0.5177786057294782,0.5052999523839645,4.863474985033087,0.38006465810910434,0.6586083672080194,0,0,12,0.00048828125,0.0029296875,True
full_100,operation_total_cost_inventory_adjusted,prototype,peak_shaving,12,10.646268508070792,13.5140849554694,2.867816447398608,2.3846461584025027,26.937292115303638,2.156201494843862,3.8428620764838834,0,0,12,0.00048828125,0.0029296875,True
full_100,operation_total_cost_inventory_adjusted,prototype,self_consumption,12,10.646268508070792,17.042203749284678,6.395935241213888,4.747477783504627,60.07677935574531,4.705848519184993,8.524805037515872,0,0,12,0.00048828125,0.0029296875,True
full_100,operation_total_cost,prototype,ideal,12,9.689621062052991,9.49857570797681,-0.1910453540761788,-0.19215125551466894,-1.9716493849729664,-0.36179703133293584,-0.02927571628112139,9,0,3,0.05224609375,0.1044921875,True
full_100,operation_total_cost,prototype,lstm,12,9.689621062052991,9.615043933447199,-0.07457712860579195,-0.06737396187597167,-0.769659908557775,-0.20937620363643467,0.06399031537529257,9,0,3,0.30126953125,0.30126953125,False
full_100,operation_total_cost,prototype,load_shifting,12,9.689621062052991,12.688551259140601,2.998930197087611,2.9975169203244976,30.949922374489763,2.851154963814781,3.1589430450478453,0,0,12,0.00048828125,0.0029296875,True
full_100,operation_total_cost,prototype,reserve_only,12,9.689621062052991,11.14457476086658,1.4549536988135898,1.4461994479945277,15.015589252623684,1.251896717395777,1.6683404020645922,0,0,12,0.00048828125,0.0029296875,True
full_100,operation_total_cost,prototype,peak_shaving,12,9.689621062052991,13.697439159227637,4.0078180971746455,3.721768462255815,41.36196938464679,3.3657785246126295,4.960941502582276,0,0,12,0.00048828125,0.0029296875,True
full_100,operation_total_cost,prototype,self_consumption,12,9.689621062052991,15.776998553342155,6.087377491289161,4.826612945782715,62.8236899286895,4.487126258247884,8.093604914166495,0,0,12,0.00048828125,0.0029296875,True
full_100,operation_wear_cost,prototype,ideal,12,2.6694133872311046,3.64856756850662,0.9791541812755153,0.826367078369928,36.68050014131232,0.6239508944429272,1.3620722535494532,0,0,12,0.00048828125,0.0029296875,True
full_100,operation_wear_cost,prototype,lstm,12,2.6694133872311046,3.20695733492965,0.5375439476985454,0.48047629238119693,20.137156360638553,0.41642145304959205,0.6704650293316822,0,0,12,0.00048828125,0.0029296875,True
full_100,operation_wear_cost,prototype,load_shifting,12,2.6694133872311046,5.208242118388317,2.538828731157212,2.184029726206882,95.10811413853949,1.758959427001167,3.38261007910392,0,0,12,0.00048828125,0.0029296875,True
full_100,operation_wear_cost,prototype,reserve_only,12,2.6694133872311046,0.09453188872027513,-2.5748814985108295,-2.5607655144864037,-96.45870178173003,-2.9322449230153924,-2.205836334305442,12,0,0,0.00048828125,0.0029296875,True
full_100,operation_wear_cost,prototype,peak_shaving,12,2.6694133872311046,5.087753606035393,2.4183402188042886,2.6280046020402725,90.59444409667675,1.7802538609839933,3.0558521419858113,0,0,12,0.00048828125,0.0029296875,True
full_100,operation_wear_cost,prototype,self_consumption,12,2.6694133872311046,8.063300625237831,5.393887238006727,5.270458318217824,202.06264281912627,4.712127489225755,6.145612511459053,0,0,12,0.00048828125,0.0029296875,True
full_100,operation_bess_throughput_kwh,prototype,ideal,12,29.230076594418957,39.9518148809405,10.721738286521544,9.048719509462776,36.68050014131232,6.83958605068899,14.936462951447226,0,0,12,0.00048828125,0.0029296875,True
full_100,operation_bess_throughput_kwh,prototype,lstm,12,29.230076594418957,35.11618282257152,5.886106228152559,5.261215402336983,20.137156360638556,4.56039610621404,7.339485365117898,0,0,12,0.00048828125,0.0029296875,True
full_100,operation_bess_throughput_kwh,prototype,load_shifting,12,29.230076594418957,57.03025120462146,27.800174610202504,23.915125505433046,95.1081141385395,19.311155377553945,37.23831770349107,0,0,12,0.00048828125,0.0029296875,True
full_100,operation_bess_throughput_kwh,prototype,reserve_only,12,29.230076594418957,1.035124181637106,-28.194952412781856,-28.040382387691974,-96.45870178173004,-32.12095770312381,-24.157033848219683,12,0,0,0.00048828125,0.0029296875,True
full_100,operation_bess_throughput_kwh,prototype,peak_shaving,12,29.230076594418957,55.710901994165646,26.480825399746678,28.776650396513602,90.59444409667675,19.539421347390256,33.40614393617726,0,0,12,0.00048828125,0.0029296875,True
full_100,operation_bess_throughput_kwh,prototype,self_consumption,12,29.230076594418957,88.29314185915678,59.063065264737816,57.71151859285336,202.0626428191263,51.41631482029706,67.30079907618902,0,0,12,0.00048828125,0.0029296875,True
full_100,load_shed_kwh,prototype,ideal,12,0.0,0.0,0.0,0.0,,0.0,0.0,0,12,0,1.0,1.0,False
full_100,load_shed_kwh,prototype,lstm,12,0.0,0.0,0.0,0.0,,0.0,0.0,0,12,0,1.0,1.0,False
full_100,load_shed_kwh,prototype,load_shifting,12,0.0,0.0,0.0,0.0,,0.0,0.0,0,12,0,1.0,1.0,False
full_100,load_shed_kwh,prototype,reserve_only,12,0.0,0.0,0.0,0.0,,0.0,0.0,0,12,0,1.0,1.0,False
full_100,load_shed_kwh,prototype,peak_shaving,12,0.0,0.10549853711043256,0.10549853711043256,0.0,,0.0,0.3080657882774897,0,10,2,0.5,1.0,False
full_100,load_shed_kwh,prototype,self_consumption,12,0.0,0.3873732662637736,0.3873732662637736,0.0480051426675513,,0.05351602008294915,0.8321642305900535,0,6,6,0.03125,0.1875,True
full_100,pv_curtailed_kwh,prototype,ideal,12,1.9083619694195597,1.2975419970867954,-0.6108199723327642,-0.3551806303151208,-32.00755318544463,-1.2286245146331114,-0.0025644586999238606,10,0,2,0.02685546875,0.0537109375,True
full_100,pv_curtailed_kwh,prototype,lstm,12,1.9083619694195597,0.4323965095243025,-1.4759654598952574,-0.5228906009544656,-77.3420076246951,-2.623483905611403,-0.5122555948006481,12,0,0,0.00048828125,0.0029296875,True
full_100,pv_curtailed_kwh,prototype,load_shifting,12,1.9083619694195597,6.822335616842317,4.913973647422756,5.420539274473838,257.4969385350606,3.7558045504922144,6.022577365334517,0,0,12,0.00048828125,0.0029296875,True
full_100,pv_curtailed_kwh,prototype,reserve_only,12,1.9083619694195597,6.3341210006701205,4.4257590312505615,4.670102588504234,231.91402376335785,3.3492430973830865,5.524749337053607,0,0,12,0.00048828125,0.0029296875,True
full_100,pv_curtailed_kwh,prototype,peak_shaving,12,1.9083619694195597,3.658941002698599,1.75057903327904,1.4885124856365388,91.7320226105475,0.666615657030568,2.9357283483962915,4,0,8,0.0341796875,0.0537109375,True
full_100,pv_curtailed_kwh,prototype,self_consumption,12,1.9083619694195597,1.2418932016277286,-0.666468767791831,-0.4669971666405585,-34.92360351294055,-1.2052089522186147,-0.16192014513145817,11,0,1,0.01611328125,0.04833984375,True
