sizing_case,month,controller_name,controller_family,exogenous_sha256,audit_pass,operation_total_cost_inventory_adjusted,operation_total_cost,operation_wear_cost,operation_bess_throughput_kwh,load_shed_kwh,pv_curtailed_kwh,grid_import_kwh,grid_export_kwh,final_soc_pct,terminal_energy_delta_kwh,outage_events,outage_hours
critical_50,2009-05,ideal,perfect_information,03dc7e52804e50906ea7c6bb052027a6aaae66c07940607a6b776dacd89121c4,True,11.240634070669769,10.760657429427235,3.3890934718933283,37.11057352261298,0.0,0.0,59.2675849514661,18.868246307180115,30.494124782816307,-1.7580760590422875,2,2.583333333333333
critical_50,2009-05,lstm,mpc,03dc7e52804e50906ea7c6bb052027a6aaae66c07940607a6b776dacd89121c4,True,11.205726490740721,11.146324492359732,3.252169722348443,35.611258464879086,0.0,0.0,61.989140612973884,20.17594388563589,54.10200005327821,-0.21757982001486065,2,2.583333333333333
critical_50,2009-05,prototype,mpc,03dc7e52804e50906ea7c6bb052027a6aaae66c07940607a6b776dacd89121c4,True,11.382322113121555,11.300863372473597,2.239508335347021,24.522616275605664,0.0,0.13146211543463676,68.595590665828,27.63053516383539,52.86390158693117,-0.29837006518104126,2,2.583333333333333
critical_50,2009-05,load_shifting,rule_based,03dc7e52804e50906ea7c6bb052027a6aaae66c07940607a6b776dacd89121c4,True,11.784772626109495,12.543044167363142,4.27468122935009,46.807759468170616,0.0,2.247255035095773,83.71187662779238,35.75845683191058,100.0,2.7774248335920944,2,2.583333333333333
critical_50,2009-05,reserve_only,rule_based,03dc7e52804e50906ea7c6bb052027a6aaae66c07940607a6b776dacd89121c4,True,11.804470086074003,11.52660685036247,0.1136771130558709,1.244764388142278,0.0,2.127777861551456,76.11540569965487,35.75845683191058,41.83924068376454,-1.0177676587091025,2,2.583333333333333
critical_50,2009-05,peak_shaving,rule_based,03dc7e52804e50906ea7c6bb052027a6aaae66c07940607a6b776dacd89121c4,True,16.229351916422363,15.38427214274854,4.645595052009029,50.86926582687492,0.4232625386142753,1.0032313043524683,51.856306052644015,11.094339058773516,9.999999999999998,-3.095389213589024,2,2.583333333333333
critical_50,2009-05,self_consumption,rule_based,03dc7e52804e50906ea7c6bb052027a6aaae66c07940607a6b776dacd89121c4,True,20.080987418333265,19.23590764465944,6.575162699469321,71.99803156962878,1.039891015142754,0.0,41.5318662892377,0.6766159072499632,9.999999999999998,-3.095389213589024,2,2.583333333333333
critical_50,2009-06,ideal,perfect_information,ed03d1f3e373eae9559a7eaa3d268372e5ef0160bdd105cd788bad0dfe19db70,True,9.268613202409595,8.866874444009506,3.096374409792485,33.90529979214398,0.0,0.0,50.12541327775813,14.442067907913444,34.85147845112126,-1.473743527578315,2,2.0
critical_50,2009-06,lstm,mpc,ed03d1f3e373eae9559a7eaa3d268372e5ef0160bdd105cd788bad0dfe19db70,True,9.236990744748116,9.125067180218853,2.89426476156759,31.69219914376048,0.0,0.010710491011218959,51.6720739361228,15.097797406921046,51.14427323605607,-0.410581815569377,2,2.0
critical_50,2009-06,prototype,mpc,ed03d1f3e373eae9559a7eaa3d268372e5ef0160bdd105cd788bad0dfe19db70,True,9.374271499356539,9.055052397547929,2.4044325963283955,26.328536933613567,0.0,0.17754304154428507,54.62753489990707,19.07925915376727,39.49055831650446,-1.1710273786958978,2,2.0
critical_50,2009-06,load_shifting,rule_based,ed03d1f3e373eae9559a7eaa3d268372e5ef0160bdd105cd788bad0dfe19db70,True,9.80921090383881,10.566329889141748,3.55255293393922,38.90045463227503,0.0,2.585442614573269,72.36034071698097,29.449368750649185,100.0,2.7774248335920944,2,2.0
critical_50,2009-06,reserve_only,rule_based,ed03d1f3e373eae9559a7eaa3d268372e5ef0160bdd105cd788bad0dfe19db70,True,9.646868600814882,9.835571325469456,0.1395720467843977,1.5283139125107612,0.0,1.4143468548776807,66.08075145977793,29.449368750649185,68.04484484242892,0.692239454822809,2,2.0
critical_50,2009-06,peak_shaving,rule_based,ed03d1f3e373eae9559a7eaa3d268372e5ef0160bdd105cd788bad0dfe19db70,True,12.137806818751962,11.34313538469653,3.8271647831855633,41.9074543819585,0.0,1.935992964318365,45.73040102708877,8.898932604449906,12.761637807358214,-2.915182710163693,2,2.0
critical_50,2009-06,self_consumption,rule_based,ed03d1f3e373eae9559a7eaa3d268372e5ef0160bdd105cd788bad0dfe19db70,True,14.206126249393703,13.362330978261491,5.672895786444252,62.1182088705717,0.357218152815172,0.0,35.99735395442868,0.0,9.999999999999998,-3.095389213589024,2,2.0
critical_50,2009-07,ideal,perfect_information,7e16dd21f25309dde231ee3257478955d427126362fd4c1dcb33b0e5bc070956,True,5.379108532857547,5.298916087417858,2.822706845334573,30.90863996089533,0.0,0.0,41.98180429602219,36.713221757990176,52.94193162280092,-0.29327833306150897,1,5.166666666666666
critical_50,2009-07,lstm,mpc,7e16dd21f25309dde231ee3257478955d427126362fd4c1dcb33b0e5bc070956,True,5.244860835665683,5.728359471729027,3.013124097940946,32.993708877237445,0.0,0.0,42.05116620527352,34.55879093239673,84.53442805169115,1.7682422981952226,1,5.166666666666666
critical_50,2009-07,prototype,mpc,7e16dd21f25309dde231ee3257478955d427126362fd4c1dcb33b0e5bc070956,True,5.4211646135843905,5.598139435950031,2.1390259344841733,23.422333985997938,0.0,0.10273568716958231,45.94937893160503,40.24764770983763,67.35506721491271,0.6472290577082718,1,5.166666666666666
critical_50,2009-07,load_shifting,rule_based,7e16dd21f25309dde231ee3257478955d427126362fd4c1dcb33b0e5bc070956,True,6.051774307926849,6.811218372906442,3.1424828291784963,34.41018698449401,0.0,3.749743133136072,61.83117869257892,49.4683508993826,100.0,2.7774248335920944,1,5.166666666666666
critical_50,2009-07,reserve_only,rule_based,7e16dd21f25309dde231ee3257478955d427126362fd4c1dcb33b0e5bc070956,True,6.119833127990143,5.85279755519783,0.0842123622569543,0.9221253668473586,0.0,3.749743133136072,55.41885737287593,49.51294014204834,42.47016609848032,-0.9765975738394754,1,5.166666666666666
critical_50,2009-07,peak_shaving,rule_based,7e16dd21f25309dde231ee3257478955d427126362fd4c1dcb33b0e5bc070956,True,7.637564083488635,7.907968749550738,3.3949238530433385,37.17441619621485,0.0,2.205693303043925,39.74192196870394,30.48163454694498,72.59141403711513,0.9889189596343004,1,5.166666666666666
critical_50,2009-07,self_consumption,rule_based,7e16dd21f25309dde231ee3257478955d427126362fd4c1dcb33b0e5bc070956,True,15.368558190785992,14.712518424223475,9.20271380518578,100.76971618139588,0.9003784748611385,0.0,7.933571358650671,0.0,20.668129476330265,-2.399256539747476,1,5.166666666666666
critical_50,2009-08,ideal,perfect_information,6216c6ec66be2d0fa4e78e90bba5cb76eb9bd7628140a2653001d0e8e3b6a56f,True,0.3159474606966355,0.0193096730788691,1.6515037303818911,18.083965850303883,0.0,3.836358658817936,24.794300477185566,53.81086854181812,40.78588228872969,-1.0865029695877335,3,5.083333333333333
critical_50,2009-08,lstm,mpc,6216c6ec66be2d0fa4e78e90bba5cb76eb9bd7628140a2653001d0e8e3b6a56f,True,0.03663459551814435,-0.3557263053782247,1.5621183937115202,17.1051964136214,0.0,1.3739076685282945,25.069278766483166,56.97711067949264,35.41287389665711,-1.4371105158164657,3,5.083333333333333
critical_50,2009-08,prototype,mpc,6216c6ec66be2d0fa4e78e90bba5cb76eb9bd7628140a2653001d0e8e3b6a56f,True,0.22891020001959983,-0.3792534270425978,1.3557795516093307,14.84578609227481,0.0,2.614568208856547,25.713474307390715,57.35166491960342,23.299708967029527,-2.2275367953113383,3,5.083333333333333
critical_50,2009-08,load_shifting,rule_based,6216c6ec66be2d0fa4e78e90bba5cb76eb9bd7628140a2653001d0e8e3b6a56f,True,0.8654949729445505,1.6237894102105812,2.087769863228091,22.86108000566245,0.0,9.045498308039951,38.24189783417936,57.81078681402143,100.0,2.7774248335920944,3,5.083333333333333
critical_50,2009-08,reserve_only,rule_based,6216c6ec66be2d0fa4e78e90bba5cb76eb9bd7628140a2653001d0e8e3b6a56f,True,0.5491987203943585,0.9996965769740758,0.2807637394846827,3.0743629478030585,0.0,6.585967676216875,33.05437609008413,57.81078681402143,82.72315270121405,1.6500502612886137,3,5.083333333333333
critical_50,2009-08,peak_shaving,rule_based,6216c6ec66be2d0fa4e78e90bba5cb76eb9bd7628140a2653001d0e8e3b6a56f,True,1.628749008775649,1.6419070092584658,1.6738732190116556,18.32891175083532,0.0,8.602500720346027,25.247238336792567,48.34684272015159,58.17494656256428,0.048194151909056,3,5.083333333333333
critical_50,2009-08,self_consumption,rule_based,6216c6ec66be2d0fa4e78e90bba5cb76eb9bd7628140a2653001d0e8e3b6a56f,True,4.058029581493568,3.212924290632418,5.792105222005353,63.42355219015504,0.0,4.60083274749044,2.9614626441225638,29.539645946357467,9.999999999999998,-3.095389213589024,3,5.083333333333333
critical_50,2009-09,ideal,perfect_information,d00b62ffa9c1cd5b18ab68dd0afc2d91d916a9250dde76a1f28124f89da94b95,True,6.143919247585685,5.989302709504328,3.179615215949168,34.816786619691825,0.0,0.0,37.90061981935962,28.47607172625333,48.748441157898526,-0.5669182187170523,1,0.8333333333333333
critical_50,2009-09,lstm,mpc,d00b62ffa9c1cd5b18ab68dd0afc2d91d916a9250dde76a1f28124f89da94b95,True,6.151113251359754,5.938690333455326,3.2144679500260165,35.19842405788865,0.0,0.0,37.6196451513016,28.37540895611453,45.50028798852211,-0.7788715471671597,1,0.8333333333333333
critical_50,2009-09,prototype,mpc,d00b62ffa9c1cd5b18ab68dd0afc2d91d916a9250dde76a1f28124f89da94b95,True,6.228964613609445,6.001110929674164,2.948122734399807,32.281943946358766,0.0,0.26128452987766204,39.604591894638375,30.391934814130174,44.63322985856431,-0.8354501156709233,1,0.8333333333333333
critical_50,2009-09,load_shifting,rule_based,d00b62ffa9c1cd5b18ab68dd0afc2d91d916a9250dde76a1f28124f89da94b95,True,6.913814681221662,7.671306323531239,3.566736900678793,39.05576906809587,0.0,4.279488841255047,60.11501176872785,42.73394172207851,100.0,2.7774248335920944,1,0.8333333333333333
critical_50,2009-09,reserve_only,rule_based,d00b62ffa9c1cd5b18ab68dd0afc2d91d916a9250dde76a1f28124f89da94b95,True,6.927711661313066,6.899309994474312,0.0087680625864092,0.0960102853351026,0.0,4.279488841255047,54.08403731663611,42.73394172207851,55.8404824741665,-0.1041377757685251,1,0.8333333333333333
critical_50,2009-09,peak_shaving,rule_based,d00b62ffa9c1cd5b18ab68dd0afc2d91d916a9250dde76a1f28124f89da94b95,True,8.266698839231564,8.41632534091065,3.630121033804396,39.74982532592186,0.0,2.8902783001702845,36.19002203462132,22.36335250459133,65.84392433610986,0.5486217118645924,1,0.8333333333333333
critical_50,2009-09,self_consumption,rule_based,d00b62ffa9c1cd5b18ab68dd0afc2d91d916a9250dde76a1f28124f89da94b95,True,10.50600777623258,9.956444998574693,7.299977854451259,79.93475751783183,0.0960102853351026,0.5364958726012237,16.353058464138986,4.273156025397649,26.55632527483777,-2.0150312175471674,1,0.8333333333333333
critical_50,2009-10,ideal,perfect_information,7f6d6de2d84e7c771f14940aa8daf94001a996565ff6f57d1ff2c8911e8ba4ba,True,10.777447359778824,10.610770738685543,4.082167363636372,44.699732638299736,0.0,0.0,53.595052682985795,21.738620031781952,48.07581298245585,-0.6108095542422691,1,1.75
critical_50,2009-10,lstm,mpc,7f6d6de2d84e7c771f14940aa8daf94001a996565ff6f57d1ff2c8911e8ba4ba,True,10.842667267526148,10.367309885208115,4.072104209565902,44.589541101212106,0.0,0.0,53.217551968491364,22.49753267527072,30.740289682654037,-1.7420129403568434,1,1.75
critical_50,2009-10,prototype,mpc,7f6d6de2d84e7c771f14940aa8daf94001a996565ff6f57d1ff2c8911e8ba4ba,True,11.011439617923166,10.497293345446144,3.157447824782569,34.57405368638237,0.0,0.138382288764558,59.29357547239287,29.388919677567163,28.561904134890494,-1.884160198635533,1,1.75
critical_50,2009-10,load_shifting,rule_based,7f6d6de2d84e7c771f14940aa8daf94001a996565ff6f57d1ff2c8911e8ba4ba,True,11.770594358203702,12.528493090121838,5.22283379587382,57.19003007311088,0.0,4.977155050840459,81.84247656708676,40.619083389362295,100.0,2.7774248335920944,1,1.75
critical_50,2009-10,reserve_only,rule_based,7f6d6de2d84e7c771f14940aa8daf94001a996565ff6f57d1ff2c8911e8ba4ba,True,11.48628774665797,11.86940040601261,0.1390701921156839,1.5228186038875482,0.0,3.454336446952912,74.43716691286473,40.619083389362295,78.95199989922567,1.403969381848793,1,1.75
critical_50,2009-10,peak_shaving,rule_based,7f6d6de2d84e7c771f14940aa8daf94001a996565ff6f57d1ff2c8911e8ba4ba,True,14.058494210571627,13.213829926088335,5.478064552921372,59.98480686318682,0.0,2.728833477535698,45.33398114060459,11.98578387174036,9.999999999999998,-3.095389213589024,1,1.75
critical_50,2009-10,self_consumption,rule_based,7f6d6de2d84e7c771f14940aa8daf94001a996565ff6f57d1ff2c8911e8ba4ba,True,15.261181432117237,14.416517147633945,7.856012382358053,86.02333559929407,0.0,0.0,33.37033280280403,0.6397369509693716,9.999999999999998,-3.095389213589024,1,1.75
critical_50,2009-11,ideal,perfect_information,a8d52e21868ed8e0e8f71ad3f63a7963eb485b4c12267effb864a3747a682e96,True,13.252882582278978,12.742437212941596,5.19836070255831,56.92204970126719,0.0,0.0,59.88244869812263,28.24508664979289,28.740423514345625,-1.8725111861982202,0,0.0
critical_50,2009-11,lstm,mpc,a8d52e21868ed8e0e8f71ad3f63a7963eb485b4c12267effb864a3747a682e96,True,13.430483843708618,13.177792946289223,3.7575583154139776,41.14526355974912,0.0,0.6530211866071736,67.24556939064956,35.291955056347504,43.23073165234108,-0.9269680175226358,0,0.0
critical_50,2009-11,prototype,mpc,a8d52e21868ed8e0e8f71ad3f63a7963eb485b4c12267effb864a3747a682e96,True,13.662592330451695,13.404696731376394,3.329614916151012,36.45928333714017,0.0,1.547614124869583,72.98707335586383,40.5378404229388,42.93813641548947,-0.946060877712863,0,0.0
critical_50,2009-11,load_shifting,rule_based,a8d52e21868ed8e0e8f71ad3f63a7963eb485b4c12267effb864a3747a682e96,True,14.589356312268938,15.346480571626852,6.939276940044416,75.98508250450419,0.0,7.4986707490657025,94.78764189086066,49.47133163769153,100.0,2.7774248335920944,0,0.0
critical_50,2009-11,reserve_only,rule_based,a8d52e21868ed8e0e8f71ad3f63a7963eb485b4c12267effb864a3747a682e96,True,14.49955336902084,14.49955336902084,0.0,0.0,0.0,7.4986707490657025,85.8584090659325,49.47133163769153,57.436378367322845,0.0,0,0.0
critical_50,2009-11,peak_shaving,rule_based,a8d52e21868ed8e0e8f71ad3f63a7963eb485b4c12267effb864a3747a682e96,True,15.79866727332142,15.974026025213677,6.007849326930544,65.78595013942842,0.0,2.819757453400644,55.95301486071589,18.269688999144776,67.29460635733642,0.6432837757785088,0,0.0
critical_50,2009-11,self_consumption,rule_based,a8d52e21868ed8e0e8f71ad3f63a7963eb485b4c12267effb864a3747a682e96,True,17.718513470682467,17.0070990419512,8.591622463071749,94.078265984277,0.0,1.4063046150740448,41.332684368729375,6.011156484609313,17.442448448574286,-2.609743482542264,0,0.0
critical_50,2009-12,ideal,perfect_information,94da6496db04b0117662b2dcc72c47ad4f22350690dbe744279e3f794e346ffb,True,21.421294437956806,21.177425348744904,4.217179957505216,46.17812054137795,0.007722000562757847,0.0,101.81779929763715,8.64667590374922,43.72466219999228,-0.8947373257606599,2,2.4166666666666665
critical_50,2009-12,lstm,mpc,94da6496db04b0117662b2dcc72c47ad4f22350690dbe744279e3f794e346ffb,True,21.54561586236812,21.26002840681036,3.669138053743428,40.17706169431621,0.007722000562757847,0.0,106.54382314926517,14.011829685606596,41.37901683695054,-1.0477988706248467,2,2.4166666666666665
critical_50,2009-12,prototype,mpc,94da6496db04b0117662b2dcc72c47ad4f22350690dbe744279e3f794e346ffb,True,21.66413632903154,21.363039153959225,2.90974086390446,31.86166246437377,0.007722000562757847,0.07908936649015898,111.03118993137494,19.151045297849024,40.50697162406311,-1.1047028636917613,2,2.4166666666666665
critical_50,2009-12,load_shifting,rule_based,94da6496db04b0117662b2dcc72c47ad4f22350690dbe744279e3f794e346ffb,True,22.27423998445748,23.031253294421717,7.732524653396856,84.67114496697289,0.0077220005627578,3.6350462414231535,129.90818814299973,26.320890873862982,100.0,2.7774248335920944,2,2.4166666666666665
critical_50,2009-12,reserve_only,rule_based,94da6496db04b0117662b2dcc72c47ad4f22350690dbe744279e3f794e346ffb,True,22.28047006515789,21.528841983169688,0.2321865936394054,2.542443200720144,0.0077220005627578,3.6350462414231535,117.73223678228254,26.320890873862982,15.17554507794252,-2.757666837638358,2,2.4166666666666665
critical_50,2009-12,peak_shaving,rule_based,94da6496db04b0117662b2dcc72c47ad4f22350690dbe744279e3f794e346ffb,True,34.42425328079384,33.91176733124666,4.362083345123772,47.76481263603121,2.264027670944376,0.670313453708081,95.13533852828049,4.403846809887448,28.621484677249803,-1.8802723603454616,2,2.4166666666666665
critical_50,2009-12,self_consumption,rule_based,94da6496db04b0117662b2dcc72c47ad4f22350690dbe744279e3f794e346ffb,True,35.92346646649326,35.079788968594585,4.860592217604836,53.22348479049036,2.5501652012829013,0.3792173757616442,91.73560439466814,2.3498673366485354,9.999999999999998,-3.095389213589024,2,2.4166666666666665
critical_50,2010-01,ideal,perfect_information,d0d9410a67c3980fccd8267b418b67dfe0ac2348eacb3086411a5045f59e7817,True,17.486627396055802,17.3302232260857,4.44465460033304,48.66896788070379,0.0,1.1025928918810577,85.60914553096927,15.189999104395897,48.654438526774584,-0.5730522184119038,1,2.083333333333333
critical_50,2010-01,lstm,mpc,d0d9410a67c3980fccd8267b418b67dfe0ac2348eacb3086411a5045f59e7817,True,17.476904860801216,17.126952357685596,3.2103270442350658,35.15308113947117,0.0,0.09601018431042552,89.55987371017325,21.950003270938332,37.78689056915157,-1.2821976440112697,1,2.083333333333333
critical_50,2010-01,prototype,mpc,d0d9410a67c3980fccd8267b418b67dfe0ac2348eacb3086411a5045f59e7817,True,17.86010580488518,17.320911958551765,2.626615345835376,28.761438041067777,0.0,2.3240986877001264,94.21856700463931,25.58993145968465,27.161175846833856,-1.9755626071508994,1,2.083333333333333
critical_50,2010-01,load_shifting,rule_based,d0d9410a67c3980fccd8267b418b67dfe0ac2348eacb3086411a5045f59e7817,True,18.18311042726497,18.941157969522425,6.638789425001569,72.69474421430792,0.0,4.072282587031576,111.5061625325081,32.829844854975825,100.0,2.7774248335920944,1,2.083333333333333
critical_50,2010-01,reserve_only,rule_based,d0d9410a67c3980fccd8267b418b67dfe0ac2348eacb3086411a5045f59e7817,True,18.11147115797074,18.073210501156005,0.055059035369815,0.6028964373868948,0.0,4.072282587031576,102.79482051846207,32.87179038021902,55.28808023389652,-0.1401839495057681,1,2.083333333333333
critical_50,2010-01,peak_shaving,rule_based,d0d9410a67c3980fccd8267b418b67dfe0ac2348eacb3086411a5045f59e7817,True,20.96751591659166,20.122685785705027,4.041351124693086,44.25279482180595,0.218856630689372,2.978883833577652,81.04786753277858,11.843387104247984,9.999999999999998,-3.095389213589024,1,2.083333333333333
critical_50,2010-01,self_consumption,rule_based,d0d9410a67c3980fccd8267b418b67dfe0ac2348eacb3086411a5045f59e7817,True,22.28579090389745,21.44096077301082,5.221393339770484,57.17425707877706,0.2675909148659399,2.083574757815268,75.06224518479216,5.754121986849121,9.999999999999998,-3.095389213589024,1,2.083333333333333
critical_50,2010-02,ideal,perfect_information,0b7f83e75fa84c528d032fd8149323e5c8d4b3e90c9afc24d2017ac900ca6f7d,True,20.087463485618212,19.777159652785684,4.951104402977596,54.214593220465794,0.0,0.0,95.44108064271241,11.59392504944674,39.991877324582376,-1.1383145641096881,0,0.0
critical_50,2010-02,lstm,mpc,0b7f83e75fa84c528d032fd8149323e5c8d4b3e90c9afc24d2017ac900ca6f7d,True,20.213551638094224,19.99712409906241,3.845409216984133,42.1072309320818,0.0,0.0016523710504290356,101.69816204524291,18.487791373796426,45.26936645562723,-0.793939982969178,0,0.0
critical_50,2010-02,prototype,mpc,0b7f83e75fa84c528d032fd8149323e5c8d4b3e90c9afc24d2017ac900ca6f7d,True,20.300490389711623,20.049977585255995,3.7115313324124406,40.64126809580921,0.0,0.024388550240285023,104.79287384410455,21.80325510529348,43.35317856068495,-0.9189779294853495,0,0.0
critical_50,2010-02,load_shifting,rule_based,0b7f83e75fa84c528d032fd8149323e5c8d4b3e90c9afc24d2017ac900ca6f7d,True,20.88866089958757,21.64578515894549,7.580154184030835,83.00268832717303,0.0,1.6769681065991455,130.2707285547667,38.509588119915264,100.0,2.7774248335920944,0,0.0
critical_50,2010-02,reserve_only,rule_based,0b7f83e75fa84c528d032fd8149323e5c8d4b3e90c9afc24d2017ac900ca6f7d,True,20.780081985230048,20.780081985230048,0.0,0.0,0.0,1.6769681065991455,120.7725006629142,38.509588119915264,57.436378367322845,0.0,0,0.0
critical_50,2010-02,peak_shaving,rule_based,0b7f83e75fa84c528d032fd8149323e5c8d4b3e90c9afc24d2017ac900ca6f7d,True,23.11290370907958,22.875247368636096,6.180931506158018,67.68120000224407,0.0,0.0062039606934806,89.24126059602813,4.030392330462917,44.07593663240654,-0.8718154433040155,0,0.0
critical_50,2010-02,self_consumption,rule_based,0b7f83e75fa84c528d032fd8149323e5c8d4b3e90c9afc24d2017ac900ca6f7d,True,23.7659683060081,22.92216715703801,6.586891873302373,72.12646602311932,0.0,0.0,86.09071473628207,2.7418761300272045,9.999999999999998,-3.095389213589024,0,0.0
critical_50,2010-03,ideal,perfect_information,c4dc6b52cb2b2a45981f91d8b16b3d7492ea46cb7223dab1e8dbb0f8964a93a8,True,5.157683626353565,4.968651871180892,3.095860089201764,33.89966798167476,0.0,2.435624056249508,43.079228717518646,44.873553812743566,46.77703434056788,-0.6955593926006971,1,1.5
critical_50,2010-03,lstm,mpc,c4dc6b52cb2b2a45981f91d8b16b3d7492ea46cb7223dab1e8dbb0f8964a93a8,True,5.117141955887018,4.849187379059616,2.6673368722277035,29.20733875512842,0.0,1.379769334956401,45.090440022877786,48.61052645522388,42.326641829470915,-0.9859630332078071,1,1.5
critical_50,2010-03,prototype,mpc,c4dc6b52cb2b2a45981f91d8b16b3d7492ea46cb7223dab1e8dbb0f8964a93a8,True,5.5393591739012775,5.463669598205684,2.4130356919610847,26.42274083080517,0.0,4.772434224997983,50.18304282756199,49.831115461256225,53.16830591652505,-0.27850662048257835,1,1.5
critical_50,2010-03,load_shifting,rule_based,c4dc6b52cb2b2a45981f91d8b16b3d7492ea46cb7223dab1e8dbb0f8964a93a8,True,6.283463464146494,7.038282530266825,3.498111354063492,38.30431933254936,0.0,10.392037720174994,64.87542228823928,54.89465036956892,100.0,2.7774248335920944,1,1.5
critical_50,2010-03,reserve_only,rule_based,c4dc6b52cb2b2a45981f91d8b16b3d7492ea46cb7223dab1e8dbb0f8964a93a8,True,6.3018163432154735,6.240148393695263,0.0191053194891957,0.2092032484370283,0.0,10.392037720174994,58.79218323000555,54.89465036956892,53.95897379706936,-0.2269127823101828,1,1.5
critical_50,2010-03,peak_shaving,rule_based,c4dc6b52cb2b2a45981f91d8b16b3d7492ea46cb7223dab1e8dbb0f8964a93a8,True,7.831981439137664,7.168171282049848,2.980055867708377,32.63161175613831,0.0,9.475959004185189,42.79123014399176,39.38927366387122,20.00467369743893,-2.442549344391437,1,1.5
critical_50,2010-03,self_consumption,rule_based,c4dc6b52cb2b2a45981f91d8b16b3d7492ea46cb7223dab1e8dbb0f8964a93a8,True,10.564694434885432,9.723462381646234,7.005406799235947,76.70920446275645,0.0,4.91323644362895,22.214018025563007,20.451615636238078,9.999999999999998,-3.095389213589024,1,1.5
critical_50,2010-04,ideal,perfect_information,77b67a7914e105a26eb649a6f84078360eeb2709522741a0fef2d7d5e8d840f2,True,11.148992139027705,10.542070420500815,3.4841824909920027,38.15179828189444,0.0,0.0,58.03199192672864,18.460684376901217,23.33331379849272,-2.225343962797225,1,0.8333333333333333
critical_50,2010-04,lstm,mpc,77b67a7914e105a26eb649a6f84078360eeb2709522741a0fef2d7d5e8d840f2,True,11.115470828794862,11.17843912778702,3.320103997214928,36.35513877477496,0.0,0.0,63.21381086790356,21.34004148425176,60.974580907728104,0.23088006201182099,1,0.8333333333333333
critical_50,2010-04,prototype,mpc,77b67a7914e105a26eb649a6f84078360eeb2709522741a0fef2d7d5e8d840f2,True,11.357137074806174,11.195857171342508,2.727772048855685,29.86910393930077,0.0,0.4129549684264536,69.21249008505353,28.271183492679203,48.37402519461724,-0.591350166813132,1,0.8333333333333333
critical_50,2010-04,load_shifting,rule_based,77b67a7914e105a26eb649a6f84078360eeb2709522741a0fef2d7d5e8d840f2,True,11.617271497838097,12.374763140147673,4.4603693102946576,48.84104395480845,0.0,1.7505186082372337,82.60404875024952,35.42922977212475,100.0,2.7774248335920944,1,0.8333333333333333
critical_50,2010-04,reserve_only,rule_based,77b67a7914e105a26eb649a6f84078360eeb2709522741a0fef2d7d5e8d840f2,True,11.606222545150985,11.570070862092155,0.0111606203066684,0.12220879237574,0.0,1.7505186082372337,75.75347512431813,35.42922977212475,55.40500736181728,-0.1325540464018835,1,0.8333333333333333
critical_50,2010-04,peak_shaving,rule_based,77b67a7914e105a26eb649a6f84078360eeb2709522741a0fef2d7d5e8d840f2,True,14.029966642287729,14.413166331069869,4.4479057444634105,48.70456790893651,0.12220879237574,0.0408469585183071,54.07590913613824,10.11189950108704,78.96845298315978,1.4050430029871008,1,0.8333333333333333
critical_50,2010-04,self_consumption,rule_based,77b67a7914e105a26eb649a6f84078360eeb2709522741a0fef2d7d5e8d840f2,True,14.685293189982945,14.324623106657803,5.803340846384337,63.54658227712275,0.12220879237574,0.0,45.897355948879046,3.489285278678312,37.17024722682446,-1.3224357738214847,1,0.8333333333333333
economic,2009-05,ideal,perfect_information,88268577afec5415db9667f2df0a9353a1d992b7301997d3fea5c68ae483366f,True,17.808966952478002,17.808966952478002,0.0,0.0,1.1161182314638975,1.046942656788171,77.67246898875436,29.57364141216388,0.0,0.0,2,2.583333333333333
economic,2009-05,lstm,mpc,88268577afec5415db9667f2df0a9353a1d992b7301997d3fea5c68ae483366f,True,17.808966952478002,17.808966952478002,0.0,0.0,1.1161182314638975,1.046942656788171,77.67246898875436,29.57364141216388,0.0,0.0,2,2.583333333333333
economic,2009-05,prototype,mpc,88268577afec5415db9667f2df0a9353a1d992b7301997d3fea5c68ae483366f,True,17.808966952478002,17.808966952478002,0.0,0.0,1.1161182314638975,1.046942656788171,77.67246898875436,29.57364141216388,0.0,0.0,2,2.583333333333333
economic,2009-05,load_shifting,rule_based,88268577afec5415db9667f2df0a9353a1d992b7301997d3fea5c68ae483366f,True,17.808966952478002,17.808966952478002,0.0,0.0,1.1161182314638975,1.046942656788171,77.67246898875436,29.57364141216388,0.0,0.0,2,2.583333333333333
economic,2009-05,reserve_only,rule_based,88268577afec5415db9667f2df0a9353a1d992b7301997d3fea5c68ae483366f,True,17.808966952478002,17.808966952478002,0.0,0.0,1.1161182314638975,1.046942656788171,77.67246898875436,29.57364141216388,0.0,0.0,2,2.583333333333333
economic,2009-05,peak_shaving,rule_based,88268577afec5415db9667f2df0a9353a1d992b7301997d3fea5c68ae483366f,True,17.808966952478002,17.808966952478002,0.0,0.0,1.1161182314638975,1.046942656788171,77.67246898875436,29.57364141216388,0.0,0.0,2,2.583333333333333
economic,2009-05,self_consumption,rule_based,88268577afec5415db9667f2df0a9353a1d992b7301997d3fea5c68ae483366f,True,17.808966952478002,17.808966952478002,0.0,0.0,1.1161182314638975,1.046942656788171,77.67246898875436,29.57364141216388,0.0,0.0,2,2.583333333333333
economic,2009-06,ideal,perfect_information,a925501360e6e2517fe0acbdefbfec91c83f4bb4094453f5b50d7a6952125287,True,12.148862450203625,12.148862450203625,0.0,0.0,0.3572296760904579,1.4871064106829437,67.85269158537224,25.020846294161807,0.0,0.0,2,2.0
economic,2009-06,lstm,mpc,a925501360e6e2517fe0acbdefbfec91c83f4bb4094453f5b50d7a6952125287,True,12.148862450203625,12.148862450203625,0.0,0.0,0.3572296760904579,1.4871064106829437,67.85269158537224,25.020846294161807,0.0,0.0,2,2.0
economic,2009-06,prototype,mpc,a925501360e6e2517fe0acbdefbfec91c83f4bb4094453f5b50d7a6952125287,True,12.148862450203625,12.148862450203625,0.0,0.0,0.3572296760904579,1.4871064106829437,67.85269158537224,25.020846294161807,0.0,0.0,2,2.0
economic,2009-06,load_shifting,rule_based,a925501360e6e2517fe0acbdefbfec91c83f4bb4094453f5b50d7a6952125287,True,12.148862450203625,12.148862450203625,0.0,0.0,0.3572296760904579,1.4871064106829437,67.85269158537224,25.020846294161807,0.0,0.0,2,2.0
economic,2009-06,reserve_only,rule_based,a925501360e6e2517fe0acbdefbfec91c83f4bb4094453f5b50d7a6952125287,True,12.148862450203625,12.148862450203625,0.0,0.0,0.3572296760904579,1.4871064106829437,67.85269158537224,25.020846294161807,0.0,0.0,2,2.0
economic,2009-06,peak_shaving,rule_based,a925501360e6e2517fe0acbdefbfec91c83f4bb4094453f5b50d7a6952125287,True,12.148862450203625,12.148862450203625,0.0,0.0,0.3572296760904579,1.4871064106829437,67.85269158537224,25.020846294161807,0.0,0.0,2,2.0
economic,2009-06,self_consumption,rule_based,a925501360e6e2517fe0acbdefbfec91c83f4bb4094453f5b50d7a6952125287,True,12.148862450203625,12.148862450203625,0.0,0.0,0.3572296760904579,1.4871064106829437,67.85269158537224,25.020846294161807,0.0,0.0,2,2.0
economic,2009-07,ideal,perfect_information,f67230125372fc4e0d5eccdbbadfb4ec8d7e8b72f1d79f65030df897c3ece593,True,11.301656120426642,11.301656120426642,0.0,0.0,0.9711690639132096,1.203231296409332,56.407076235363306,43.9792600759885,0.0,0.0,1,5.166666666666666
economic,2009-07,lstm,mpc,f67230125372fc4e0d5eccdbbadfb4ec8d7e8b72f1d79f65030df897c3ece593,True,11.301656120426642,11.301656120426642,0.0,0.0,0.9711690639132096,1.203231296409332,56.407076235363306,43.9792600759885,0.0,0.0,1,5.166666666666666
economic,2009-07,prototype,mpc,f67230125372fc4e0d5eccdbbadfb4ec8d7e8b72f1d79f65030df897c3ece593,True,11.301656120426642,11.301656120426642,0.0,0.0,0.9711690639132096,1.203231296409332,56.407076235363306,43.9792600759885,0.0,0.0,1,5.166666666666666
economic,2009-07,load_shifting,rule_based,f67230125372fc4e0d5eccdbbadfb4ec8d7e8b72f1d79f65030df897c3ece593,True,11.301656120426642,11.301656120426642,0.0,0.0,0.9711690639132096,1.203231296409332,56.407076235363306,43.9792600759885,0.0,0.0,1,5.166666666666666
economic,2009-07,reserve_only,rule_based,f67230125372fc4e0d5eccdbbadfb4ec8d7e8b72f1d79f65030df897c3ece593,True,11.301656120426642,11.301656120426642,0.0,0.0,0.9711690639132096,1.203231296409332,56.407076235363306,43.9792600759885,0.0,0.0,1,5.166666666666666
economic,2009-07,peak_shaving,rule_based,f67230125372fc4e0d5eccdbbadfb4ec8d7e8b72f1d79f65030df897c3ece593,True,11.301656120426642,11.301656120426642,0.0,0.0,0.9711690639132096,1.203231296409332,56.407076235363306,43.9792600759885,0.0,0.0,1,5.166666666666666
economic,2009-07,self_consumption,rule_based,f67230125372fc4e0d5eccdbbadfb4ec8d7e8b72f1d79f65030df897c3ece593,True,11.301656120426642,11.301656120426642,0.0,0.0,0.9711690639132096,1.203231296409332,56.407076235363306,43.9792600759885,0.0,0.0,1,5.166666666666666
economic,2009-08,ideal,perfect_information,21a1d69d6555677ae638a50145d3a8ffeaf3191b5a523ba1cc11f606a50c5b3e,True,4.168375987427853,4.168375987427853,0.0,0.0,0.5976088192072151,5.1727622831346105,33.21507509027755,53.404471519974265,0.0,0.0,3,5.083333333333333
economic,2009-08,lstm,mpc,21a1d69d6555677ae638a50145d3a8ffeaf3191b5a523ba1cc11f606a50c5b3e,True,4.168375987427853,4.168375987427853,0.0,0.0,0.5976088192072151,5.1727622831346105,33.21507509027755,53.404471519974265,0.0,0.0,3,5.083333333333333
economic,2009-08,prototype,mpc,21a1d69d6555677ae638a50145d3a8ffeaf3191b5a523ba1cc11f606a50c5b3e,True,4.168375987427853,4.168375987427853,0.0,0.0,0.5976088192072151,5.1727622831346105,33.21507509027755,53.404471519974265,0.0,0.0,3,5.083333333333333
economic,2009-08,load_shifting,rule_based,21a1d69d6555677ae638a50145d3a8ffeaf3191b5a523ba1cc11f606a50c5b3e,True,4.168375987427853,4.168375987427853,0.0,0.0,0.5976088192072151,5.1727622831346105,33.21507509027755,53.404471519974265,0.0,0.0,3,5.083333333333333
economic,2009-08,reserve_only,rule_based,21a1d69d6555677ae638a50145d3a8ffeaf3191b5a523ba1cc11f606a50c5b3e,True,4.168375987427853,4.168375987427853,0.0,0.0,0.5976088192072151,5.1727622831346105,33.21507509027755,53.404471519974265,0.0,0.0,3,5.083333333333333
economic,2009-08,peak_shaving,rule_based,21a1d69d6555677ae638a50145d3a8ffeaf3191b5a523ba1cc11f606a50c5b3e,True,4.168375987427853,4.168375987427853,0.0,0.0,0.5976088192072151,5.1727622831346105,33.21507509027755,53.404471519974265,0.0,0.0,3,5.083333333333333
economic,2009-08,self_consumption,rule_based,21a1d69d6555677ae638a50145d3a8ffeaf3191b5a523ba1cc11f606a50c5b3e,True,4.168375987427853,4.168375987427853,0.0,0.0,0.5976088192072151,5.1727622831346105,33.21507509027755,53.404471519974265,0.0,0.0,3,5.083333333333333
economic,2009-09,ideal,perfect_information,8b1b8bbc45f438d19b7ccc9840c58cc92b9dc5b954ed7f5aeb04b5719311af0d,True,8.137018442878006,8.137018442878006,0.0,0.0,0.09601028533510261,2.0500516994340003,55.645675079098794,37.036984532483366,0.0,0.0,1,0.8333333333333333
economic,2009-09,lstm,mpc,8b1b8bbc45f438d19b7ccc9840c58cc92b9dc5b954ed7f5aeb04b5719311af0d,True,8.137018442878006,8.137018442878006,0.0,0.0,0.09601028533510261,2.0500516994340003,55.645675079098794,37.036984532483366,0.0,0.0,1,0.8333333333333333
economic,2009-09,prototype,mpc,8b1b8bbc45f438d19b7ccc9840c58cc92b9dc5b954ed7f5aeb04b5719311af0d,True,8.137018442878006,8.137018442878006,0.0,0.0,0.09601028533510261,2.0500516994340003,55.645675079098794,37.036984532483366,0.0,0.0,1,0.8333333333333333
economic,2009-09,load_shifting,rule_based,8b1b8bbc45f438d19b7ccc9840c58cc92b9dc5b954ed7f5aeb04b5719311af0d,True,8.137018442878006,8.137018442878006,0.0,0.0,0.0960102853351026,2.0500516994340003,55.6456750790988,37.036984532483366,0.0,0.0,1,0.8333333333333333
economic,2009-09,reserve_only,rule_based,8b1b8bbc45f438d19b7ccc9840c58cc92b9dc5b954ed7f5aeb04b5719311af0d,True,8.137018442878006,8.137018442878006,0.0,0.0,0.0960102853351026,2.0500516994340003,55.6456750790988,37.036984532483366,0.0,0.0,1,0.8333333333333333
economic,2009-09,peak_shaving,rule_based,8b1b8bbc45f438d19b7ccc9840c58cc92b9dc5b954ed7f5aeb04b5719311af0d,True,8.137018442878006,8.137018442878006,0.0,0.0,0.0960102853351026,2.0500516994340003,55.6456750790988,37.036984532483366,0.0,0.0,1,0.8333333333333333
economic,2009-09,self_consumption,rule_based,8b1b8bbc45f438d19b7ccc9840c58cc92b9dc5b954ed7f5aeb04b5719311af0d,True,8.137018442878006,8.137018442878006,0.0,0.0,0.0960102853351026,2.0500516994340003,55.6456750790988,37.036984532483366,0.0,0.0,1,0.8333333333333333
economic,2009-10,ideal,perfect_information,b3f602209dcd2b26d5b27be9dd08ba02e03a93cb4e16d8ab5bd896d1275d65cb,True,12.568563280303469,12.568563280303469,0.0,0.0,0.0,2.894610098261927,76.01652242734161,34.26076097184222,0.0,0.0,1,1.75
economic,2009-10,lstm,mpc,b3f602209dcd2b26d5b27be9dd08ba02e03a93cb4e16d8ab5bd896d1275d65cb,True,12.568563280303469,12.568563280303469,0.0,0.0,0.0,2.894610098261927,76.01652242734161,34.26076097184222,0.0,0.0,1,1.75
economic,2009-10,prototype,mpc,b3f602209dcd2b26d5b27be9dd08ba02e03a93cb4e16d8ab5bd896d1275d65cb,True,12.568563280303469,12.568563280303469,0.0,0.0,0.0,2.894610098261927,76.01652242734161,34.26076097184222,0.0,0.0,1,1.75
economic,2009-10,load_shifting,rule_based,b3f602209dcd2b26d5b27be9dd08ba02e03a93cb4e16d8ab5bd896d1275d65cb,True,12.568563280303469,12.568563280303469,0.0,0.0,0.0,2.894610098261927,76.01652242734161,34.26076097184222,0.0,0.0,1,1.75
economic,2009-10,reserve_only,rule_based,b3f602209dcd2b26d5b27be9dd08ba02e03a93cb4e16d8ab5bd896d1275d65cb,True,12.568563280303469,12.568563280303469,0.0,0.0,0.0,2.894610098261927,76.01652242734161,34.26076097184222,0.0,0.0,1,1.75
economic,2009-10,peak_shaving,rule_based,b3f602209dcd2b26d5b27be9dd08ba02e03a93cb4e16d8ab5bd896d1275d65cb,True,12.568563280303469,12.568563280303469,0.0,0.0,0.0,2.894610098261927,76.01652242734161,34.26076097184222,0.0,0.0,1,1.75
economic,2009-10,self_consumption,rule_based,b3f602209dcd2b26d5b27be9dd08ba02e03a93cb4e16d8ab5bd896d1275d65cb,True,12.568563280303469,12.568563280303469,0.0,0.0,0.0,2.894610098261927,76.01652242734161,34.26076097184222,0.0,0.0,1,1.75
economic,2009-11,ideal,perfect_information,3a83840b3c1b694d2e206a682c4ebff781fc121759f445abd4b2ba02b2b365c3,True,15.419757815530872,15.419757815530872,0.0,0.0,0.0,4.013142076556304,88.13022226406788,43.17349328903198,0.0,0.0,0,0.0
economic,2009-11,lstm,mpc,3a83840b3c1b694d2e206a682c4ebff781fc121759f445abd4b2ba02b2b365c3,True,15.419757815530872,15.419757815530872,0.0,0.0,0.0,4.013142076556304,88.13022226406788,43.17349328903198,0.0,0.0,0,0.0
economic,2009-11,prototype,mpc,3a83840b3c1b694d2e206a682c4ebff781fc121759f445abd4b2ba02b2b365c3,True,15.419757815530872,15.419757815530872,0.0,0.0,0.0,4.013142076556304,88.13022226406788,43.17349328903198,0.0,0.0,0,0.0
economic,2009-11,load_shifting,rule_based,3a83840b3c1b694d2e206a682c4ebff781fc121759f445abd4b2ba02b2b365c3,True,15.419757815530872,15.419757815530872,0.0,0.0,0.0,4.013142076556304,88.13022226406788,43.17349328903198,0.0,0.0,0,0.0
economic,2009-11,reserve_only,rule_based,3a83840b3c1b694d2e206a682c4ebff781fc121759f445abd4b2ba02b2b365c3,True,15.419757815530872,15.419757815530872,0.0,0.0,0.0,4.013142076556304,88.13022226406788,43.17349328903198,0.0,0.0,0,0.0
economic,2009-11,peak_shaving,rule_based,3a83840b3c1b694d2e206a682c4ebff781fc121759f445abd4b2ba02b2b365c3,True,15.419757815530872,15.419757815530872,0.0,0.0,0.0,4.013142076556304,88.13022226406788,43.17349328903198,0.0,0.0,0,0.0
economic,2009-11,self_consumption,rule_based,3a83840b3c1b694d2e206a682c4ebff781fc121759f445abd4b2ba02b2b365c3,True,15.419757815530872,15.419757815530872,0.0,0.0,0.0,4.013142076556304,88.13022226406788,43.17349328903198,0.0,0.0,0,0.0
economic,2009-12,ideal,perfect_information,c985fee2c4e252860f9795c3377cf9b06cdba6154cdf0b9cca87415cf4119ec7,True,34.60898728006988,34.60898728006988,0.0,0.0,2.5501652012829013,1.6446411973279527,119.53005565803292,22.617574203494975,0.0,0.0,2,2.4166666666666665
economic,2009-12,lstm,mpc,c985fee2c4e252860f9795c3377cf9b06cdba6154cdf0b9cca87415cf4119ec7,True,34.60898728006988,34.60898728006988,0.0,0.0,2.5501652012829013,1.6446411973279527,119.53005565803292,22.617574203494975,0.0,0.0,2,2.4166666666666665
economic,2009-12,prototype,mpc,c985fee2c4e252860f9795c3377cf9b06cdba6154cdf0b9cca87415cf4119ec7,True,34.60898728006988,34.60898728006988,0.0,0.0,2.5501652012829013,1.6446411973279527,119.53005565803292,22.617574203494975,0.0,0.0,2,2.4166666666666665
economic,2009-12,load_shifting,rule_based,c985fee2c4e252860f9795c3377cf9b06cdba6154cdf0b9cca87415cf4119ec7,True,34.60898728006988,34.60898728006988,0.0,0.0,2.5501652012829013,1.6446411973279529,119.53005565803292,22.61757420349497,0.0,0.0,2,2.4166666666666665
economic,2009-12,reserve_only,rule_based,c985fee2c4e252860f9795c3377cf9b06cdba6154cdf0b9cca87415cf4119ec7,True,34.60898728006988,34.60898728006988,0.0,0.0,2.5501652012829013,1.6446411973279529,119.53005565803292,22.61757420349497,0.0,0.0,2,2.4166666666666665
economic,2009-12,peak_shaving,rule_based,c985fee2c4e252860f9795c3377cf9b06cdba6154cdf0b9cca87415cf4119ec7,True,34.60898728006988,34.60898728006988,0.0,0.0,2.5501652012829013,1.6446411973279529,119.53005565803292,22.61757420349497,0.0,0.0,2,2.4166666666666665
economic,2009-12,self_consumption,rule_based,c985fee2c4e252860f9795c3377cf9b06cdba6154cdf0b9cca87415cf4119ec7,True,34.60898728006988,34.60898728006988,0.0,0.0,2.5501652012829013,1.6446411973279529,119.53005565803292,22.61757420349497,0.0,0.0,2,2.4166666666666665
economic,2010-01,ideal,perfect_information,a0bfd7d8b2d419ecf55d3e2f600e5ba00bc940764cc63233e0f069f7bb9321a3,True,21.042805274765104,21.042805274765104,0.0,0.0,0.4477861986278034,2.5270231963961725,104.89515708214356,27.69465061158201,0.0,0.0,1,2.083333333333333
economic,2010-01,lstm,mpc,a0bfd7d8b2d419ecf55d3e2f600e5ba00bc940764cc63233e0f069f7bb9321a3,True,21.042805274765104,21.042805274765104,0.0,0.0,0.4477861986278034,2.5270231963961725,104.89515708214356,27.69465061158201,0.0,0.0,1,2.083333333333333
economic,2010-01,prototype,mpc,a0bfd7d8b2d419ecf55d3e2f600e5ba00bc940764cc63233e0f069f7bb9321a3,True,21.042805274765104,21.042805274765104,0.0,0.0,0.4477861986278034,2.5270231963961725,104.89515708214356,27.69465061158201,0.0,0.0,1,2.083333333333333
economic,2010-01,load_shifting,rule_based,a0bfd7d8b2d419ecf55d3e2f600e5ba00bc940764cc63233e0f069f7bb9321a3,True,21.042805274765104,21.042805274765104,0.0,0.0,0.4477861986278034,2.5270231963961725,104.89515708214356,27.69465061158201,0.0,0.0,1,2.083333333333333
economic,2010-01,reserve_only,rule_based,a0bfd7d8b2d419ecf55d3e2f600e5ba00bc940764cc63233e0f069f7bb9321a3,True,21.042805274765104,21.042805274765104,0.0,0.0,0.4477861986278034,2.5270231963961725,104.89515708214356,27.69465061158201,0.0,0.0,1,2.083333333333333
economic,2010-01,peak_shaving,rule_based,a0bfd7d8b2d419ecf55d3e2f600e5ba00bc940764cc63233e0f069f7bb9321a3,True,21.042805274765104,21.042805274765104,0.0,0.0,0.4477861986278034,2.5270231963961725,104.89515708214356,27.69465061158201,0.0,0.0,1,2.083333333333333
economic,2010-01,self_consumption,rule_based,a0bfd7d8b2d419ecf55d3e2f600e5ba00bc940764cc63233e0f069f7bb9321a3,True,21.042805274765104,21.042805274765104,0.0,0.0,0.4477861986278034,2.5270231963961725,104.89515708214356,27.69465061158201,0.0,0.0,1,2.083333333333333
economic,2010-02,ideal,perfect_information,1b2219780edd3c7f2d23d60e23d33a2b087774790608d1b5d5f8bc946431f2ac,True,21.837148585844748,21.837148585844748,0.0,0.0,0.0,0.3637358681412418,123.41410042830242,31.30838335736985,0.0,0.0,0,0.0
economic,2010-02,lstm,mpc,1b2219780edd3c7f2d23d60e23d33a2b087774790608d1b5d5f8bc946431f2ac,True,21.837148585844748,21.837148585844748,0.0,0.0,0.0,0.3637358681412418,123.41410042830242,31.30838335736985,0.0,0.0,0,0.0
economic,2010-02,prototype,mpc,1b2219780edd3c7f2d23d60e23d33a2b087774790608d1b5d5f8bc946431f2ac,True,21.837148585844748,21.837148585844748,0.0,0.0,0.0,0.3637358681412418,123.41410042830242,31.30838335736985,0.0,0.0,0,0.0
economic,2010-02,load_shifting,rule_based,1b2219780edd3c7f2d23d60e23d33a2b087774790608d1b5d5f8bc946431f2ac,True,21.837148585844748,21.837148585844748,0.0,0.0,0.0,0.3637358681412418,123.41410042830242,31.30838335736985,0.0,0.0,0,0.0
economic,2010-02,reserve_only,rule_based,1b2219780edd3c7f2d23d60e23d33a2b087774790608d1b5d5f8bc946431f2ac,True,21.837148585844748,21.837148585844748,0.0,0.0,0.0,0.3637358681412418,123.41410042830242,31.30838335736985,0.0,0.0,0,0.0
economic,2010-02,peak_shaving,rule_based,1b2219780edd3c7f2d23d60e23d33a2b087774790608d1b5d5f8bc946431f2ac,True,21.837148585844748,21.837148585844748,0.0,0.0,0.0,0.3637358681412418,123.41410042830242,31.30838335736985,0.0,0.0,0,0.0
economic,2010-02,self_consumption,rule_based,1b2219780edd3c7f2d23d60e23d33a2b087774790608d1b5d5f8bc946431f2ac,True,21.837148585844748,21.837148585844748,0.0,0.0,0.0,0.3637358681412418,123.41410042830242,31.30838335736985,0.0,0.0,0,0.0
economic,2010-03,ideal,perfect_information,409c7a8f5df1786c8daf0a059cef5d9c888e1f6081ea7814cfaa11e588ae1f14,True,8.027116853192831,8.027116853192831,0.0,0.0,0.20963097294149757,5.7885556248817425,60.22262851999262,49.10526020992134,0.0,0.0,1,1.5
economic,2010-03,lstm,mpc,409c7a8f5df1786c8daf0a059cef5d9c888e1f6081ea7814cfaa11e588ae1f14,True,8.027116853192831,8.027116853192831,0.0,0.0,0.20963097294149757,5.7885556248817425,60.22262851999262,49.10526020992134,0.0,0.0,1,1.5
economic,2010-03,prototype,mpc,409c7a8f5df1786c8daf0a059cef5d9c888e1f6081ea7814cfaa11e588ae1f14,True,8.027116853192831,8.027116853192831,0.0,0.0,0.20963097294149757,5.7885556248817425,60.22262851999262,49.10526020992134,0.0,0.0,1,1.5
economic,2010-03,load_shifting,rule_based,409c7a8f5df1786c8daf0a059cef5d9c888e1f6081ea7814cfaa11e588ae1f14,True,8.02711685319283,8.02711685319283,0.0,0.0,0.2096309729414975,5.788555624881743,60.22262851999262,49.10526020992134,0.0,0.0,1,1.5
economic,2010-03,reserve_only,rule_based,409c7a8f5df1786c8daf0a059cef5d9c888e1f6081ea7814cfaa11e588ae1f14,True,8.02711685319283,8.02711685319283,0.0,0.0,0.2096309729414975,5.788555624881743,60.22262851999262,49.10526020992134,0.0,0.0,1,1.5
economic,2010-03,peak_shaving,rule_based,409c7a8f5df1786c8daf0a059cef5d9c888e1f6081ea7814cfaa11e588ae1f14,True,8.02711685319283,8.02711685319283,0.0,0.0,0.2096309729414975,5.788555624881743,60.22262851999262,49.10526020992134,0.0,0.0,1,1.5
economic,2010-03,self_consumption,rule_based,409c7a8f5df1786c8daf0a059cef5d9c888e1f6081ea7814cfaa11e588ae1f14,True,8.02711685319283,8.02711685319283,0.0,0.0,0.2096309729414975,5.788555624881743,60.22262851999262,49.10526020992134,0.0,0.0,1,1.5
economic,2010-04,ideal,perfect_information,1d1c2142018ddc727f36f8bdeacebc223186218928d7b340a5ec77441f4df573,True,13.039186786717586,13.039186786717586,0.0,0.0,0.12234031056940231,0.8455750719194666,77.48140670753791,28.913366101480495,0.0,0.0,1,0.8333333333333333
economic,2010-04,lstm,mpc,1d1c2142018ddc727f36f8bdeacebc223186218928d7b340a5ec77441f4df573,True,13.039186786717586,13.039186786717586,0.0,0.0,0.12234031056940231,0.8455750719194666,77.48140670753791,28.913366101480495,0.0,0.0,1,0.8333333333333333
economic,2010-04,prototype,mpc,1d1c2142018ddc727f36f8bdeacebc223186218928d7b340a5ec77441f4df573,True,13.039186786717586,13.039186786717586,0.0,0.0,0.12234031056940231,0.8455750719194666,77.48140670753791,28.913366101480495,0.0,0.0,1,0.8333333333333333
economic,2010-04,load_shifting,rule_based,1d1c2142018ddc727f36f8bdeacebc223186218928d7b340a5ec77441f4df573,True,13.039186786717586,13.039186786717586,0.0,0.0,0.1223403105694023,0.8455750719194666,77.48140670753791,28.91336610148049,0.0,0.0,1,0.8333333333333333
economic,2010-04,reserve_only,rule_based,1d1c2142018ddc727f36f8bdeacebc223186218928d7b340a5ec77441f4df573,True,13.039186786717586,13.039186786717586,0.0,0.0,0.1223403105694023,0.8455750719194666,77.48140670753791,28.91336610148049,0.0,0.0,1,0.8333333333333333
economic,2010-04,peak_shaving,rule_based,1d1c2142018ddc727f36f8bdeacebc223186218928d7b340a5ec77441f4df573,True,13.039186786717586,13.039186786717586,0.0,0.0,0.1223403105694023,0.8455750719194666,77.48140670753791,28.91336610148049,0.0,0.0,1,0.8333333333333333
economic,2010-04,self_consumption,rule_based,1d1c2142018ddc727f36f8bdeacebc223186218928d7b340a5ec77441f4df573,True,13.039186786717586,13.039186786717586,0.0,0.0,0.1223403105694023,0.8455750719194666,77.48140670753791,28.91336610148049,0.0,0.0,1,0.8333333333333333
full_100,2009-05,ideal,perfect_information,d56ce982085695e624413038e80a8ab93ca7e6d7000911540369f1c386786d10,True,10.73591557252568,9.636827761564524,3.2256668099178163,35.32105157372164,0.0,0.3707110607389744,58.019133561517414,26.17142348597999,25.412911164523745,-4.0257791759070685,2,2.583333333333333
full_100,2009-05,lstm,mpc,d56ce982085695e624413038e80a8ab93ca7e6d7000911540369f1c386786d10,True,10.689813299227527,9.890856104036478,2.8008621433126035,30.66944047372008,0.0,0.0,60.704215234726405,28.508663973511517,33.86153598314403,-2.9264497401972527,2,2.583333333333333
full_100,2009-05,prototype,mpc,d56ce982085695e624413038e80a8ab93ca7e6d7000911540369f1c386786d10,True,10.840529301728616,9.97043455090498,2.1391993684645,23.424233088082783,0.0,0.3959647897940234,64.63117428153522,32.88681481933992,31.85902612085856,-3.1870149900658262,2,2.583333333333333
full_100,2009-05,load_shifting,rule_based,d56ce982085695e624413038e80a8ab93ca7e6d7000911540369f1c386786d10,True,11.114855328544868,12.665413984468362,4.628036885618895,50.677003904875065,0.0,3.463697834961183,85.98044281008723,40.121400768081486,100.0,5.67944315803158,2,2.583333333333333
full_100,2009-05,reserve_only,rule_based,d56ce982085695e624413038e80a8ab93ca7e6d7000911540369f1c386786d10,True,11.238445972072176,10.974587293328057,0.1134491812716795,1.2422685351050196,0.0,3.317079994648484,75.20157038412302,40.121400768081486,48.92446648378738,-0.9664712534128644,2,2.583333333333333
full_100,2009-05,peak_shaving,rule_based,d56ce982085695e624413038e80a8ab93ca7e6d7000911540369f1c386786d10,True,13.955027479577389,13.66708007576134,5.828582647723626,63.82298000182804,0.0,0.8400286504201058,46.40429924213073,8.815011787579133,48.24637304780314,-1.0547043197807966,2,2.583333333333333
full_100,2009-05,self_consumption,rule_based,d56ce982085695e624413038e80a8ab93ca7e6d7000911540369f1c386786d10,True,20.45808757017923,18.811468460583143,7.878812462596903,86.27299647794567,1.015667632983115,0.0,32.5936555710292,0.0,9.999999999999998,-6.031296913633814,2,2.583333333333333
full_100,2009-06,ideal,perfect_information,8a6a4b0cd0878b81fc1cae394124f30c9854b5ff683ee202d0f4aacd671615e8,True,8.860085087914774,7.846241016411023,2.910064092297022,31.865201815272844,0.0,0.07088151947250809,48.79023203564595,20.70979492231232,27.769062159512554,-3.719198377330293,2,2.0
full_100,2009-06,lstm,mpc,8a6a4b0cd0878b81fc1cae394124f30c9854b5ff683ee202d0f4aacd671615e8,True,8.842035883579031,7.957755730698732,2.788275317806172,30.531614734404663,0.0,0.0,49.63982574094618,21.264669817352782,31.42181611931023,-3.243904464342103,2,2.0
full_100,2009-06,prototype,mpc,8a6a4b0cd0878b81fc1cae394124f30c9854b5ff683ee202d0f4aacd671615e8,True,8.969527181751193,8.012925207582175,2.2761193072758994,24.923506418285008,0.0,0.5204378616687356,52.08430777503058,23.907858237719296,29.382870231451523,-3.5092107455965955,2,2.0
full_100,2009-06,load_shifting,rule_based,8a6a4b0cd0878b81fc1cae394124f30c9854b5ff683ee202d0f4aacd671615e8,True,9.24892600326671,10.797127844370465,3.843626557812402,42.08771081414852,0.0,3.647837854780239,74.35773764794448,32.503795526292734,100.0,5.67944315803158,2,2.0
full_100,2009-06,reserve_only,rule_based,8a6a4b0cd0878b81fc1cae394124f30c9854b5ff683ee202d0f4aacd671615e8,True,9.180578236691478,9.3943574085021,0.1486825374852289,1.6280737856993277,0.0,2.376973901185617,64.92726707952593,32.503795526292734,62.37905011602513,0.7842302098051341,2,2.0
full_100,2009-06,peak_shaving,rule_based,8a6a4b0cd0878b81fc1cae394124f30c9854b5ff683ee202d0f4aacd671615e8,True,11.475258575025252,11.54473171599998,4.234093593999296,46.36332486101497,0.0,2.648399919309977,44.109417250412406,8.314968261966271,58.31067651974296,0.2548561464663912,2,2.0
full_100,2009-06,self_consumption,rule_based,8a6a4b0cd0878b81fc1cae394124f30c9854b5ff683ee202d0f4aacd671615e8,True,12.860095381927206,11.21597909691317,6.615625821496805,72.44110275589398,0.0,0.0,28.99500753680963,0.0,9.999999999999998,-6.031296913633814,2,2.0
full_100,2009-07,ideal,perfect_information,49a887204ad20d3b73123a31998df5d1253417d160a2fd2ef4f3161d943caa6e,True,4.886542192737853,4.014671877077803,2.544036106832363,27.85719537385367,0.0,0.03643300721894325,41.318850075194746,45.74752080263943,31.846936796290336,-3.1885880449287205,1,5.166666666666666
full_100,2009-07,lstm,mpc,49a887204ad20d3b73123a31998df5d1253417d160a2fd2ef4f3161d943caa6e,True,4.748117410459487,4.435214089429096,2.746528682511721,30.07448907786415,0.0,0.0,41.318850075194746,43.566660105847895,47.55746745270109,-1.1443442570936417,1,5.166666666666666
full_100,2009-07,prototype,mpc,49a887204ad20d3b73123a31998df5d1253417d160a2fd2ef4f3161d943caa6e,True,4.90483939512321,4.280471360339064,2.2977321082796,25.16016658930984,0.0,0.4135564716123814,43.00911573511445,46.37716046287012,38.803326365961986,-2.283427266176843,1,5.166666666666666
full_100,2009-07,load_shifting,rule_based,49a887204ad20d3b73123a31998df5d1253417d160a2fd2ef4f3161d943caa6e,True,5.497745900171265,7.0507022022065104,3.422458969202444,37.47592571820077,0.0,6.171565026664947,64.36229384958958,53.03710221324117,100.0,5.67944315803158,1,5.166666666666666
full_100,2009-07,reserve_only,rule_based,49a887204ad20d3b73123a31998df5d1253417d160a2fd2ef4f3161d943caa6e,True,5.676047506479772,5.422334272801806,0.0810645484864796,0.8876568060556622,0.0,6.171565026664947,54.836894340843926,53.063883085342255,49.22108568211376,-0.927875360836576,1,5.166666666666666
full_100,2009-07,peak_shaving,rule_based,49a887204ad20d3b73123a31998df5d1253417d160a2fd2ef4f3161d943caa6e,True,6.978482836795662,8.027362759994332,3.786188406186212,41.45876305375055,0.0,3.761447484726269,38.57018321786717,31.169605502562803,85.83224505387577,3.835944318330329,1,5.166666666666666
full_100,2009-07,self_consumption,rule_based,49a887204ad20d3b73123a31998df5d1253417d160a2fd2ef4f3161d943caa6e,True,15.867275987785552,14.73613715430373,10.359059340012646,113.43169978958606,0.8586749498719985,0.0,0.6696245194487288,0.0,24.55984107039713,-4.136780088520712,1,5.166666666666666
full_100,2009-08,ideal,perfect_information,044c3a2f91ab4126bf988456453a584861c344756ecd117cfe1200ffcbdff755,True,0.31288624090335804,-0.6043869931346468,1.7596067911059747,19.26769436540424,0.0,6.868868363170803,23.025447096789954,57.29650731124785,30.531739638980866,-3.359720623286992,3,5.083333333333333
full_100,2009-08,lstm,mpc,044c3a2f91ab4126bf988456453a584861c344756ecd117cfe1200ffcbdff755,True,-0.7885083712086437,-0.5757817863294881,1.8887735390039664,20.68207025509233,0.0,0.8727739382857791,24.438225022421268,60.465447920813475,62.34007824954978,0.7791592164895746,3,5.083333333333333
full_100,2009-08,prototype,mpc,044c3a2f91ab4126bf988456453a584861c344756ecd117cfe1200ffcbdff755,True,-0.09233959339103015,-0.9366592180089166,1.5052651791018212,16.482653713554928,0.0,5.2546806944883215,24.438225022421268,60.28295770614833,32.58530909310874,-3.092511533326954,3,5.083333333333333
full_100,2009-08,load_shifting,rule_based,044c3a2f91ab4126bf988456453a584861c344756ecd117cfe1200ffcbdff755,True,0.4780867702832956,2.028692245331938,2.374171182273257,25.99717444966176,0.0,12.41791968488068,41.29847496358558,60.46544792081348,100.0,5.67944315803158,3,5.083333333333333
full_100,2009-08,reserve_only,rule_based,044c3a2f91ab4126bf988456453a584861c344756ecd117cfe1200ffcbdff755,True,0.2371426267038981,0.7446981193691002,0.3004067809219972,3.2894542515728404,0.0,9.73602696901165,32.967587995214885,60.46544792081348,70.63921031492427,1.8590367546898428,3,5.083333333333333
full_100,2009-08,peak_shaving,rule_based,044c3a2f91ab4126bf988456453a584861c344756ecd117cfe1200ffcbdff755,True,1.1179414488204713,1.900367246020084,2.032792798916786,22.259081151366377,0.0,11.01268975403579,24.75354339619874,48.43320283501195,78.37652812175276,2.8658113956635827,3,5.083333333333333
full_100,2009-08,self_consumption,rule_based,044c3a2f91ab4126bf988456453a584861c344756ecd117cfe1200ffcbdff755,True,4.16658309208114,3.353750188349009,6.374138962951758,69.79682165444228,0.0,6.393869045686227,0.0,30.26782643648435,33.47162806670851,-2.9771842986557084,3,5.083333333333333
full_100,2009-09,ideal,perfect_information,da5560cdec8b1af95764cfb28b8c0c71ee441dc583f253b7e92aba023920f358,True,5.616273268959293,4.672143004980716,2.9400256999068577,32.19328141864812,0.0,0.0,36.73256917867596,37.25714866989674,29.74757597801586,-3.4617554767003997,1,0.8333333333333333
full_100,2009-09,lstm,mpc,da5560cdec8b1af95764cfb28b8c0c71ee441dc583f253b7e92aba023920f358,True,5.501853974852276,5.032028726935232,3.1208081929374103,34.172849717619705,0.0,0.0,36.68972008555505,35.32042946404605,43.11292653563276,-1.722664961734404,1,0.8333333333333333
full_100,2009-09,prototype,mpc,da5560cdec8b1af95764cfb28b8c0c71ee441dc583f253b7e92aba023920f358,True,5.730978166250001,4.743879154307286,2.793399352253469,30.58772291161071,0.0,0.7964786771723777,37.72924690909562,37.74455896257278,28.536767826899677,-3.6193050270823486,1,0.8333333333333333
full_100,2009-09,load_shifting,rule_based,da5560cdec8b1af95764cfb28b8c0c71ee441dc583f253b7e92aba023920f358,True,6.29392499270873,7.842888864979292,3.854024039084537,42.20156323409491,0.0,6.274477719337598,62.3317477094077,46.6592658520859,100.0,5.67944315803158,1,0.8333333333333333
full_100,2009-09,reserve_only,rule_based,da5560cdec8b1af95764cfb28b8c0c71ee441dc583f253b7e92aba023920f358,True,6.418379712806775,6.38997804596802,0.0087680625864092,0.0960102853351026,0.0,6.274477719337598,53.15324541046221,46.6592658520859,55.55171741012046,-0.1041377757685264,1,0.8333333333333333
full_100,2009-09,peak_shaving,rule_based,da5560cdec8b1af95764cfb28b8c0c71ee441dc583f253b7e92aba023920f358,True,7.468730293980984,8.390277630624443,3.99249675794509,43.71783950583782,0.0,3.6390770925293983,34.84659457104002,23.97948809781357,82.32014914382886,3.3789527371156787,1,0.8333333333333333
full_100,2009-09,self_consumption,rule_based,da5560cdec8b1af95764cfb28b8c0c71ee441dc583f253b7e92aba023920f358,True,10.812946271979447,9.911061219170914,8.684739078543796,95.09789292384376,0.0960102853351026,0.1432709774948704,7.811633409100819,3.0341916714462487,30.937995723850776,-3.3068588520376148,1,0.8333333333333333
full_100,2009-10,ideal,perfect_information,d08ea894f928db8618fa2e4bebe8c8f6080a61dde362541ee552f6d71b7ebdcb,True,10.150010161197308,9.35047890571296,4.096819089992287,44.86016904192027,0.0,0.0,51.46273718237997,29.140232203664006,33.834305287438525,-2.929992980190339,1,1.75
full_100,2009-10,lstm,mpc,d08ea894f928db8618fa2e4bebe8c8f6080a61dde362541ee552f6d71b7ebdcb,True,10.224018082579247,9.092425671360914,4.033784693420147,44.16994239935525,0.0,0.02252115520929776,51.13441075687056,30.058226444121452,24.482243298106813,-4.146877058981069,1,1.75
full_100,2009-10,prototype,mpc,d08ea894f928db8618fa2e4bebe8c8f6080a61dde362541ee552f6d71b7ebdcb,True,10.396013550299907,9.192196612111466,3.173367081224038,34.74836954444173,0.0,0.2987500181869407,56.44327314924067,36.11857661894299,22.448135298086168,-4.411553837491479,1,1.75
full_100,2009-10,load_shifting,rule_based,d08ea894f928db8618fa2e4bebe8c8f6080a61dde362541ee552f6d71b7ebdcb,True,11.104490364917316,12.654286678182885,5.5168366043835775,60.40936082675953,0.0,6.914485642354912,84.05412029401381,44.97529474629158,100.0,5.67944315803158,1,1.75
full_100,2009-10,reserve_only,rule_based,d08ea894f928db8618fa2e4bebe8c8f6080a61dde362541ee552f6d71b7ebdcb,True,10.893226564477663,11.335223865590146,0.1604453626874964,1.7568767216828332,0.0,5.157608920672079,73.49532036691006,44.97529474629158,68.80031026069281,1.619760304102332,1,1.75
full_100,2009-10,peak_shaving,rule_based,d08ea894f928db8618fa2e4bebe8c8f6080a61dde362541ee552f6d71b7ebdcb,True,13.61991125090891,13.179287621084516,6.071948937586052,66.48784087620801,0.0,3.64446738064135,42.14214802659169,13.110644472115505,43.94246249178399,-1.6147262954834325,1,1.75
full_100,2009-10,self_consumption,rule_based,d08ea894f928db8618fa2e4bebe8c8f6080a61dde362541ee552f6d71b7ebdcb,True,15.871127575303076,14.225318037137132,9.274582164778934,101.55667471905504,0.0,0.0,23.828426036501504,0.0,9.999999999999998,-6.031296913633814,1,1.75
full_100,2009-11,ideal,perfect_information,f5b4d7ff6cd198e4eec8d2871572300437079ee1d786982320b0af5a4dd49ff9,True,12.463293846256036,11.202139444495074,5.274504173760074,57.755820711047406,0.0,0.13968062764628245,55.560745552242665,35.165711591032924,20.796969095291214,-4.626402484336484,0,0.0
full_100,2009-11,lstm,mpc,f5b4d7ff6cd198e4eec8d2871572300437079ee1d786982320b0af5a4dd49ff9,True,12.744798176425952,11.677026010556004,3.893559195169759,42.63447319329086,0.0,1.6424180355149511,63.008770963351914,41.629989603815915,26.24889440637127,-3.9170015931343505,0,0.0
full_100,2009-11,prototype,mpc,f5b4d7ff6cd198e4eec8d2871572300437079ee1d786982320b0af5a4dd49ff9,True,12.956583288802108,11.908540455551933,3.71501227296543,40.67938439486997,0.0,2.6371978845923674,67.70242190942834,45.41524487931478,26.805113272002185,-3.844626764708126,0,0.0
full_100,2009-11,load_shifting,rule_based,f5b4d7ff6cd198e4eec8d2871572300437079ee1d786982320b0af5a4dd49ff9,True,13.904719639761884,15.452932265566307,7.362920876735141,80.62398361194028,0.0,10.818328892643224,96.60061216032894,53.400840825807535,100.0,5.67944315803158,0,0.0
full_100,2009-11,reserve_only,rule_based,f5b4d7ff6cd198e4eec8d2871572300437079ee1d786982320b0af5a4dd49ff9,True,13.921095687356328,13.921095687356328,0.0,0.0,0.0,10.818328892643224,84.40278876351852,53.400840825807535,56.35204256137578,0.0,0,0.0
full_100,2009-11,peak_shaving,rule_based,f5b4d7ff6cd198e4eec8d2871572300437079ee1d786982320b0af5a4dd49ff9,True,15.029495380195405,15.973377291414623,7.058236883061692,77.28769388073225,0.0,3.4862607982242038,50.617788639625175,17.230215163387662,82.96241687386907,3.462524186481451,0,0.0
full_100,2009-11,self_consumption,rule_based,f5b4d7ff6cd198e4eec8d2871572300437079ee1d786982320b0af5a4dd49ff9,True,16.79642919834783,16.598947645478972,10.910809452541423,119.47336352265224,0.0,0.0,29.14859495931704,0.0,50.78454732792574,-0.7244387725463275,0,0.0
full_100,2009-12,ideal,perfect_information,74d6459a70698127013027a2764530a05415617c84d6fb27fe64e27f67809bb7,True,20.926119379814292,19.994334228694346,4.109539411420026,44.999456561574206,0.0,0.18961387887426576,97.92176681887237,12.573958297921003,30.078855860084758,-3.4186495590350576,2,2.4166666666666665
full_100,2009-12,lstm,mpc,74d6459a70698127013027a2764530a05415617c84d6fb27fe64e27f67809bb7,True,21.038893533166146,19.933982374256168,3.659078744328325,40.06691225620486,0.0,0.0,101.65637590424302,17.531212228631688,25.197288558814083,-4.053835845785302,2,2.4166666666666665
full_100,2009-12,prototype,mpc,74d6459a70698127013027a2764530a05415617c84d6fb27fe64e27f67809bb7,True,21.165564407732916,20.21195254855253,2.638984161449462,28.896876572061657,0.0,0.14246934016789106,107.89716086215338,23.98192835806035,29.46341658713944,-3.498730107427917,2,2.4166666666666665
full_100,2009-12,load_shifting,rule_based,74d6459a70698127013027a2764530a05415617c84d6fb27fe64e27f67809bb7,True,21.744126995055357,23.29211274495401,8.046208428032703,88.10598229973345,0.0,5.505548846950348,131.9727635959484,28.74575906934735,100.0,5.67944315803158,2,2.4166666666666665
full_100,2009-12,reserve_only,rule_based,74d6459a70698127013027a2764530a05415617c84d6fb27fe64e27f67809bb7,True,21.860004273008062,21.106093318989352,0.2328917991701486,2.5501652012829013,0.0,5.505548846950348,116.61812645536544,28.74575906934735,35.09430602492791,-2.766042523225396,2,2.4166666666666665
full_100,2009-12,peak_shaving,rule_based,74d6459a70698127013027a2764530a05415617c84d6fb27fe64e27f67809bb7,True,28.65119407721747,28.89685269544097,5.585267710391786,61.15868143765807,1.1648245686794954,0.0249776849792985,90.3527000948023,0.7184157868268795,63.278783917588136,0.9013029729584208,2,2.4166666666666665
full_100,2009-12,self_consumption,rule_based,74d6459a70698127013027a2764530a05415617c84d6fb27fe64e27f67809bb7,True,36.128639695762025,34.48475288926941,6.294566268143211,68.92550064616236,2.405939816647568,0.0,82.08815911013609,0.0,9.999999999999998,-6.031296913633814,2,2.4166666666666665
full_100,2010-01,ideal,perfect_information,9c5115e5b9732f61a04ba976e6c6c83b6ed36aa1e035c4b20246c1ba63561522,True,16.977771257700095,16.125110538995642,4.549268975355715,49.81449528736818,0.0,1.850633483801825,80.16402282681088,18.075036255286406,32.342698566551405,-3.124079853495431,1,2.083333333333333
full_100,2010-01,lstm,mpc,9c5115e5b9732f61a04ba976e6c6c83b6ed36aa1e035c4b20246c1ba63561522,True,16.91926102730944,15.679459514775626,3.287728863927156,36.00063106522245,0.0,0.4903144678040553,84.19146610209246,25.99662388062532,21.441532030345257,-4.542532384422621,1,2.083333333333333
full_100,2010-01,prototype,mpc,9c5115e5b9732f61a04ba976e6c6c83b6ed36aa1e035c4b20246c1ba63561522,True,17.41898863658715,16.171305927016423,2.911763908236316,31.88381479981081,0.0,4.0441822854724006,89.85337322557322,28.46724009377093,21.219612142868964,-4.571408452411156,1,2.083333333333333
full_100,2010-01,load_shifting,rule_based,9c5115e5b9732f61a04ba976e6c6c83b6ed36aa1e035c4b20246c1ba63561522,True,17.51781182307171,19.06791243255198,6.991384384641438,76.55565902292432,0.0,5.644892947308311,113.28999323635207,36.46400724512234,100.0,5.67944315803158,1,2.083333333333333
full_100,2010-01,reserve_only,rule_based,9c5115e5b9732f61a04ba976e6c6c83b6ed36aa1e035c4b20246c1ba63561522,True,17.548292038698268,17.5488768693173,0.058445330519594,0.6399763692823519,0.0,5.642568784701162,101.47373552582732,36.46400724512234,56.36851030663842,0.0021427720481907,1,2.083333333333333
full_100,2010-01,peak_shaving,rule_based,9c5115e5b9732f61a04ba976e6c6c83b6ed36aa1e035c4b20246c1ba63561522,True,20.39149311222648,18.745360426038893,5.269191255954847,57.69764426107173,0.1011578766456954,3.0588695493130094,72.150105082914,11.212511154988704,9.999999999999998,-6.031296913633814,1,2.083333333333333
full_100,2010-01,self_consumption,rule_based,9c5115e5b9732f61a04ba976e6c6c83b6ed36aa1e035c4b20246c1ba63561522,True,21.82784888947968,20.18171620329209,6.55589998361272,71.78710483096842,0.1500726844246794,2.0064475284265173,65.62765433783726,4.649008543276282,9.999999999999998,-6.031296913633814,1,2.083333333333333
full_100,2010-02,ideal,perfect_information,48fa9a6c59773ca369bb5f9f069b91debba6944653d926709390ba429e00c819,True,19.272448844150528,18.209317433293087,5.85284341956934,64.08863545357713,0.0,0.0,87.77250380560669,13.93285577587626,26.37972881108605,-3.8999775075116188,0,0.0
full_100,2010-02,lstm,mpc,48fa9a6c59773ca369bb5f9f069b91debba6944653d926709390ba429e00c819,True,19.48152696811101,18.537403848493035,4.039748603275019,44.23524721227557,0.0,0.06492778681882883,97.5370811398152,24.807108428179475,29.73486798530948,-3.4634090322494777,0,0.0
full_100,2010-02,prototype,mpc,48fa9a6c59773ca369bb5f9f069b91debba6944653d926709390ba429e00c819,True,19.58791266816843,18.590332863689472,3.4358354633161072,37.62239832876662,0.0,0.09469585988846464,101.32779218440051,29.29968249037721,28.227791330118208,-3.6595088431052547,0,0.0
full_100,2010-02,load_shifting,rule_based,48fa9a6c59773ca369bb5f9f069b91debba6944653d926709390ba429e00c819,True,20.10105820211309,21.649270827917515,7.913643723913505,86.65439878941777,0.0,3.388335316275363,131.84897801967588,43.24345767806723,100.0,5.67944315803158,0,0.0
full_100,2010-02,reserve_only,rule_based,48fa9a6c59773ca369bb5f9f069b91debba6944653d926709390ba429e00c819,True,20.1012995587586,20.1012995587586,0.0,0.0,0.0,3.388335316275363,119.1622020407175,43.24345767806723,56.35204256137578,0.0,0,0.0
full_100,2010-02,peak_shaving,rule_based,48fa9a6c59773ca369bb5f9f069b91debba6944653d926709390ba429e00c819,True,23.197779261353634,22.55327537047215,7.838552982276521,85.83215516837357,0.0,0.0002249980743217,78.54755375986947,1.4140611087427015,38.181877863483486,-2.364289731515192,0,0.0
full_100,2010-02,self_consumption,rule_based,48fa9a6c59773ca369bb5f9f069b91debba6944653d926709390ba429e00c819,True,24.000900129448237,22.356772391598057,8.358325276853682,91.52366179481876,0.0,0.0,74.10507040507,0.1652628351713299,9.999999999999998,-6.031296913633814,0,0.0
full_100,2010-03,ideal,perfect_information,e647581b735a33dab27674428ec7dc0fb53bbfd8baa4720f17654c4ca0bb28e3,True,4.725471932315221,4.275437409339833,3.148973977915309,34.481265063172415,0.0,5.816864654264574,41.45947226749297,49.32029482615353,43.62570463034712,-1.6559426174939178,1,1.5
full_100,2010-03,lstm,mpc,e647581b735a33dab27674428ec7dc0fb53bbfd8baa4720f17654c4ca0bb28e3,True,4.290938184652343,3.856043503430134,3.073324758416267,33.652906109537795,0.0,2.0610909048087405,41.86783212145106,53.49606767528591,44.053837879101906,-1.6002342042471964,1,1.5
full_100,2010-03,prototype,mpc,e647581b735a33dab27674428ec7dc0fb53bbfd8baa4720f17654c4ca0bb28e3,True,5.079358368104389,4.219496444117098,2.4196918299437025,26.495625541725406,0.0,7.741874583900639,46.57727231679446,54.66360105106594,32.03636707421946,-3.163939503300594,1,1.5
full_100,2010-03,load_shifting,rule_based,e647581b735a33dab27674428ec7dc0fb53bbfd8baa4720f17654c4ca0bb28e3,True,5.705679991581297,7.249178821425239,3.794413225444773,41.548824824644846,0.0,14.439557025370403,67.15702817261769,58.51087889078383,100.0,5.67944315803158,1,1.5
full_100,2010-03,reserve_only,rule_based,e647581b735a33dab27674428ec7dc0fb53bbfd8baa4720f17654c4ca0bb28e3,True,5.831519799245613,5.769942891285099,0.0190771139448515,0.2088943977264146,0.0,14.439557025370403,57.91856649720285,58.51087889078383,54.61073495174558,-0.2265777866799156,1,1.5
full_100,2010-03,peak_shaving,rule_based,e647581b735a33dab27674428ec7dc0fb53bbfd8baa4720f17654c4ca0bb28e3,True,7.222878100307581,7.311240705911286,3.596570692157642,39.38244908483664,0.0,11.644565815489578,40.19485595809134,39.856025952665945,58.85081170456097,0.3251381770548853,1,1.5
full_100,2010-03,self_consumption,rule_based,e647581b735a33dab27674428ec7dc0fb53bbfd8baa4720f17654c4ca0bb28e3,True,10.821437057816606,9.182315145755489,8.038118652841776,88.01739926137998,0.0,6.3591308679251295,14.68131474756318,22.020051934215207,9.999999999999998,-6.031296913633814,1,1.5
full_100,2010-04,ideal,perfect_information,4c89a0ea7655074c6eaf8b83ae8c14e48fdddc0ddaa4970a90ba8746479d4770,True,10.625847832977083,9.260593868291384,3.371462274006654,36.9175119057259,0.0,0.22681736985336937,55.37139931621169,25.050907321666546,17.880811559607416,-5.005850961096721,1,0.8333333333333333
full_100,2010-04,lstm,mpc,4c89a0ea7655074c6eaf8b83ae8c14e48fdddc0ddaa4970a90ba8746479d4770,True,10.575562678071723,9.864113413724455,3.151015285047254,34.503617376270455,0.0,0.034711825849977354,60.5192801063031,28.197262269409215,36.304249474729886,-2.6086054872026727,1,0.8333333333333333
full_100,2010-04,prototype,mpc,4c89a0ea7655074c6eaf8b83ae8c14e48fdddc0ddaa4970a90ba8746479d4770,True,10.797266725692602,9.91057683847238,2.72659061426291,29.85616723050801,0.0,0.5600551660901729,65.69150126203476,33.861383465116326,31.366177395963767,-3.251144137975767,1,0.8333333333333333
full_100,2010-04,load_shifting,rule_based,4c89a0ea7655074c6eaf8b83ae8c14e48fdddc0ddaa4970a90ba8746479d4770,True,10.963132325462157,12.51209619773272,4.751180543517134,52.025426959056304,0.0,3.1813806105805726,84.70720550622022,39.557071301790224,100.0,5.67944315803158,1,0.8333333333333333
full_100,2010-04,reserve_only,rule_based,4c89a0ea7655074c6eaf8b83ae8c14e48fdddc0ddaa4970a90ba8746479d4770,True,11.062533389304594,11.026409799133056,0.0111519475694166,0.1221138259028192,0.0,3.1813806105805726,74.7060701751839,39.557071301790224,55.33412280574822,-0.1324510407996397,1,0.8333333333333333
full_100,2010-04,peak_shaving,rule_based,4c89a0ea7655074c6eaf8b83ae8c14e48fdddc0ddaa4970a90ba8746479d4770,True,13.060827649223548,14.180056371969016,5.7591206062251645,63.06237064730959,0.0,0.1462829046398929,47.89871188812339,6.459270473384647,87.89057520827977,4.103772867440286,1,0.8333333333333333
full_100,2010-04,self_consumption,rule_based,4c89a0ea7655074c6eaf8b83ae8c14e48fdddc0ddaa4970a90ba8746479d4770,True,14.895074141306104,14.265764208254724,7.41493003848033,81.19348393313267,0.1221138259028192,0.0,36.25103815442202,0.0,38.61883802041656,-2.307432766853889,1,0.8333333333333333
