sizing_case,controller_name,variant,seasonal_windows,trajectories,operation_total_cost_mean,operation_total_cost_std,operation_total_cost_sum,operation_wear_cost_mean,operation_wear_cost_std,operation_wear_cost_sum,operation_load_shedding_cost_mean,operation_load_shedding_cost_std,operation_load_shedding_cost_sum,operation_pv_curtailment_cost_mean,operation_pv_curtailment_cost_std,operation_pv_curtailment_cost_sum,operation_bess_throughput_kwh_mean,operation_bess_throughput_kwh_std,operation_bess_throughput_kwh_sum,operation_total_cost_delta_vs_base,operation_total_cost_delta_pct_vs_base,operation_wear_cost_delta_vs_base,operation_wear_cost_delta_pct_vs_base
economic,prototype,base,4,4,14.808562335320367,7.571670400922753,59.23424934128147,0.0,0.0,0.0,2.1421588133388907,2.6904787466636595,8.568635253355563,0.00264914572115505,0.0023107920334209373,0.0105965828846202,0.0,0.0,0.0,0.0,0.0,0.0,
economic,prototype,noise_005,4,4,14.808562335320367,7.571670400922753,59.23424934128147,0.0,0.0,0.0,2.1421588133388907,2.6904787466636595,8.568635253355563,0.00264914572115505,0.0023107920334209373,0.0105965828846202,0.0,0.0,0.0,0.0,0.0,0.0,
economic,prototype,noise_010,4,4,14.808562335320367,7.571670400922753,59.23424934128147,0.0,0.0,0.0,2.1421588133388907,2.6904787466636595,8.568635253355563,0.00264914572115505,0.0023107920334209373,0.0105965828846202,0.0,0.0,0.0,0.0,0.0,0.0,
economic,prototype,outage_2pct,4,4,12.681504537050944,8.664580648617445,50.72601814820378,0.0,0.0,0.0,0.0,0.0,0.0,0.002176005941987475,0.0018053964334823465,0.0087040237679499,0.0,0.0,0.0,-2.1270577982694228,-14.363702229190137,0.0,
economic,prototype,outage_5pct,4,4,13.306175248417404,8.31908091891709,53.224700993669614,0.0,0.0,0.0,0.6379401504463651,0.8242744293235625,2.5517606017854604,0.002222252630584625,0.001780015476548972,0.0088890105223385,0.0,0.0,0.0,-1.5023870869029636,-10.14539462294441,0.0,
economic,prototype,seed_44,4,4,16.86050118819262,8.645589458634404,67.44200475277049,0.0,0.0,0.0,4.270891707700419,1.1982941649762389,17.083566830801676,0.00232330530964855,0.0018334514144855004,0.0092932212385942,0.0,0.0,0.0,2.0519388528722544,13.856435259607279,0.0,
economic,prototype,seed_47,4,4,13.097122288217175,8.955671780935539,52.3884891528687,0.0,0.0,0.0,0.3048286091786548,0.38426021368164753,1.2193144367146191,0.0033483807659186,0.0020028646860089593,0.0133935230636744,0.0,0.0,0.0,-1.711440047103192,-11.557097902888135,0.0,
economic,stochastic,base,4,4,14.88709852540611,7.586870344703359,59.54839410162444,0.0,0.0,0.0,2.1421588133388907,2.6904787466636595,8.568635253355563,0.0033814486048190746,0.0022031722248645694,0.013525794419276298,0.0,0.0,0.0,0.0,0.0,0.0,
economic,stochastic,noise_005,4,4,14.88709852540611,7.586870344703359,59.54839410162444,0.0,0.0,0.0,2.1421588133388907,2.6904787466636595,8.568635253355563,0.0033814486048190746,0.0022031722248645694,0.013525794419276298,0.0,0.0,0.0,0.0,0.0,0.0,
economic,stochastic,noise_010,4,4,14.88709852540611,7.586870344703359,59.54839410162444,0.0,0.0,0.0,2.1421588133388907,2.6904787466636595,8.568635253355563,0.0033814486048190746,0.0022031722248645694,0.013525794419276298,0.0,0.0,0.0,0.0,0.0,0.0,
economic,stochastic,outage_2pct,4,4,12.760145232593661,8.679719316612605,51.040580930374645,0.0,0.0,0.0,0.0,0.0,0.0,0.0029093232080641745,0.0017241508222524185,0.011637292832256698,0.0,0.0,0.0,-2.1269532928124484,-14.287225204982825,0.0,
economic,stochastic,outage_5pct,4,4,13.384770741958558,8.334403214267061,53.53908296783423,0.0,0.0,0.0,0.6379401504463651,0.8242744293235625,2.5517606017854604,0.0029551446652686998,0.0016966201254999477,0.011820578661074799,0.0,0.0,0.0,-1.5023277834475515,-10.09147471472497,0.0,
economic,stochastic,seed_44,4,4,16.939141883735335,8.660719968597183,67.75656753494134,0.0,0.0,0.0,4.270891707700419,1.1982941649762389,17.083566830801676,0.0030566225757252753,0.0017592945712858535,0.012226490302901101,0.0,0.0,0.0,2.0520433583292252,13.784038271979174,0.0,
economic,stochastic,seed_47,4,4,13.175762983759892,8.970773936643365,52.70305193503957,0.0,0.0,0.0,0.3048286091786548,0.38426021368164753,1.2193144367146191,0.0040816980319952996,0.0019131445514123406,0.016326792127981198,0.0,0.0,0.0,-1.7113355416462177,-11.495426988178234,0.0,
critical_50,prototype,base,4,4,11.094071065515847,8.509351532829749,44.376284262063386,2.6591085338799507,1.0695642910663246,10.636434135519803,0.0,0.0,0.0,0.0010795082498502213,0.0012366084318890503,0.004318032999400885,29.117238450207466,11.711728988874453,116.46895380082987,0.0,0.0,0.0,0.0
critical_50,prototype,noise_005,4,4,11.290674750742035,8.523762919299353,45.16269900296814,2.674528469144282,1.0375025927304822,10.698113876577128,0.0,0.0,0.0,0.0012845239248599517,0.001432691640180659,0.005138095699439807,29.286086741376373,11.36065339204608,117.14434696550549,0.19660368522618832,1.7721509449970947,0.015419935264331386,0.5798911578021185
critical_50,prototype,noise_010,4,4,11.473673042978813,8.550219340572584,45.89469217191525,2.7872860568455917,1.0578034819631286,11.149144227382367,0.0,0.0,0.0,0.0013587603500598631,0.0014813421430678049,0.0054350414002394525,30.520782326884746,11.582948129175785,122.08312930753898,0.37960197746296664,3.4216652770766807,0.128177522965641,4.8203193413326
critical_50,prototype,outage_2pct,4,4,10.820300706434413,8.481195212263478,43.28120282573765,3.1927921057784276,1.6835452931290258,12.77116842311371,0.0,0.0,0.0,0.0010966628974648713,0.001274593239840924,0.004386651589859485,34.96107356334314,18.434820962435882,139.84429425337257,-0.27377035908143377,-2.4677177337758844,0.5336835718984769,20.070018395216465
critical_50,prototype,outage_5pct,4,4,10.912786940627461,8.45638971913141,43.651147762509844,2.9848784395691745,1.5007136534646566,11.939513758276698,0.0,0.0,0.0,0.0011043749355960713,0.0012780709806827703,0.004417499742384285,32.684418918021706,16.432814507820744,130.73767567208682,-0.18128412488838563,-1.63406312991701,0.3257699056892238,12.251094738652409
critical_50,prototype,seed_44,4,4,11.18147191789876,8.512406535691342,44.72588767159504,2.646119033941032,1.2456379921041243,10.584476135764127,0.0,0.0,0.0,0.0011043749355960713,0.0012780709806827703,0.004417499742384285,28.97500342585568,13.639736015517926,115.90001370342272,0.08740085238291329,0.7878158690959256,-0.012989499938918847,-0.4884907770186291
critical_50,prototype,seed_47,4,4,11.006848717632602,8.560763185665573,44.02739487053041,2.6702840049140373,1.1753488526325653,10.68113601965615,0.0,0.0,0.0,0.0010203934827947212,0.001140698355470973,0.004081573931178885,29.23960985804846,12.87006993819275,116.95843943219384,-0.08722234788324457,-0.7862068610175155,0.01117547103408656,0.42027133874751016
critical_50,stochastic,base,4,4,12.794841111601752,7.998764930799648,51.17936444640701,2.2057772994116154,0.11881021234530045,8.823109197646462,0.0,0.0,0.0,0.0044297433481992245,0.0023396766412301638,0.017718973392796898,24.15326143205941,1.30097182536968,96.61304572823764,0.0,0.0,0.0,0.0
critical_50,stochastic,noise_005,4,4,12.833732957721198,8.00108600831198,51.33493183088479,2.2483979491180275,0.12102013610377095,8.99359179647211,0.0,0.0,0.0,0.004427438247573,0.0023375752463757086,0.017709752990292,24.619957546412294,1.3251704905284416,98.47983018564918,0.03889184611944607,0.30396505732439927,0.042620649706412106,1.9322281409723927
critical_50,stochastic,noise_010,4,4,12.874258349874278,8.00283223454525,51.49703339949711,2.2910185988244396,0.1232658173383966,9.164074395297758,0.0,0.0,0.0,0.0044268482302903004,0.002335408906655589,0.017707392921161202,25.086653660765176,1.3497607000511578,100.3466146430607,0.07941723827252645,0.6206973387150129,0.08524129941282421,3.8644562819447854
critical_50,stochastic,outage_2pct,4,4,12.650568332522006,8.229836141142686,50.602273330088025,1.4482920332543299,0.02087486921957482,5.7931681330173195,0.0,0.0,0.0,0.004456644989283675,0.00235457069453813,0.0178265799571347,15.858797766434435,0.22857981798748916,63.43519106573774,-0.14427277907974556,-1.1275855465600575,-0.7574852661572855,-34.34096752919447
critical_50,stochastic,outage_5pct,4,4,12.707987897027195,8.170167037463804,50.83195158810878,2.029090543223651,0.02542700698488436,8.116362172894604,0.0,0.0,0.0,0.004455916512313125,0.0023541489442930746,0.0178236660492525,22.218541451520665,0.2784257265248563,88.87416580608266,-0.08685321457455686,-0.6788143269383979,-0.17668675618796437,-8.01018109285534
critical_50,stochastic,seed_44,4,4,12.755686290361854,8.135718849304764,51.02274516144742,2.21821117135047,0.02222867066011017,8.87284468540188,0.0,0.0,0.0,0.004456644989283675,0.00235457069453813,0.0178265799571347,24.28941232980961,0.2434039437635011,97.15764931923844,-0.03915482123989733,-0.30602037882591293,0.01243387193885459,0.5636957068227735
critical_50,stochastic,seed_47,4,4,12.986976133640232,8.041198138178304,51.94790453456093,2.261937661817377,0.060056016416548404,9.047750647269508,0.0,0.0,0.0,0.0042122449829066246,0.0023426165398373177,0.016848979931626498,24.76821740049167,0.6576133798565583,99.07286960196669,0.19213502203847987,1.5016600859877893,0.05616036240576161,2.5460576831914183
full_100,prototype,base,4,4,9.883162163034367,8.103355889702202,39.53264865213747,2.698828070961965,1.0509657289481609,10.79531228384786,0.0,0.0,0.0,0.002095634807190766,0.00239203513935483,0.008382539228763064,29.552167381318576,11.508074733651032,118.2086695252743,0.0,0.0,0.0,0.0
full_100,prototype,noise_005,4,4,10.185120604204046,8.190468916237913,40.740482416816185,2.8096547889891745,1.0278466913983206,11.238619155956698,0.0,0.0,0.0,0.0023958858133932997,0.002665658686695219,0.009583543253573199,30.765719943892492,11.254921272443577,123.06287977556997,0.3019584411696794,3.055281661764932,0.11082671802720956,4.106475666962613
full_100,prototype,noise_010,4,4,10.487703851853526,8.234424641868205,41.950815407414105,2.9920628732750814,1.0197204148610055,11.968251493100325,0.0,0.0,0.0,0.0025301781405239,0.002729085100018991,0.0101207125620956,32.763088467112794,11.165938544347071,131.05235386845118,0.6045416888191593,6.116885252377064,0.2932348023131164,10.865264277786926
full_100,prototype,outage_2pct,4,4,9.601140345861456,8.206488110099249,38.404561383445824,3.1603955537710546,1.621340412910634,12.641582215084219,0.0,0.0,0.0,0.002135602423150416,0.0024689374888797913,0.008542409692601664,34.60633131881097,17.753677523945722,138.4253252752439,-0.28202181717291097,-2.853558532387002,0.46156748280908966,17.102515264878264
full_100,prototype,outage_5pct,4,4,9.645073420395178,8.196609084350085,38.58029368158071,2.9854128926876866,1.4738885484189514,11.941651570750746,0.0,0.0,0.0,0.002139728237270641,0.0024700318784882597,0.008558912949082564,32.69027117967026,16.139079607527687,130.76108471868105,-0.23808874263918867,-2.40903405925791,0.28658482172572164,10.618861750002916
full_100,prototype,seed_44,4,4,9.853703026750422,8.310041248544545,39.41481210700169,2.68988404485972,1.1908641856510482,10.75953617943888,0.0,0.0,0.0,0.002139728237270641,0.0024700318784882597,0.008558912949082564,29.4542302954848,13.039962834769772,117.8169211819392,-0.029459136283945142,-0.2980739949216869,-0.008944026102244873,-0.33140407121439497
full_100,prototype,seed_47,4,4,9.84343541376726,8.129965320115307,39.37374165506904,2.7198349765209913,1.1551343833644323,10.879339906083965,0.0,0.0,0.0,0.001974224930611766,0.002181289041753557,0.007896899722447065,29.782192997223273,12.6487214996746,119.12877198889309,-0.03972674926710695,-0.40196395254643774,0.02100690555902629,0.7783713896061052
full_100,stochastic,base,4,4,12.297213471593071,7.8728455507852395,49.188853886372286,2.1515743600873836,0.12685709638690326,8.606297440349534,0.0,0.0,0.0,0.007126216543429874,0.003231772531040366,0.028504866173719497,23.55973924637301,1.3890852056380103,94.23895698549204,0.0,0.0,0.0,0.0
full_100,stochastic,noise_005,4,4,12.375014161308405,7.874388299670285,49.50005664523362,2.238034595759208,0.12960206244854539,8.952138383036832,0.0,0.0,0.0,0.007122068700919176,0.003222298466820041,0.028488274803676703,24.50647882711677,1.4191425840173475,98.02591530846708,0.0778006897153336,0.6326692619840707,0.08646023567182448,4.018463748020914
full_100,stochastic,noise_010,4,4,12.455677523549763,7.875001624087012,49.82271009419905,2.324494831431034,0.13239529231393082,9.297979325724135,0.0,0.0,0.0,0.007124571848010325,0.0032150774720126514,0.0284982873920413,25.453218407860533,1.449728451047756,101.81287363144213,0.15846405195669178,1.28861755813826,0.1729204713436503,8.03692749604189
full_100,stochastic,outage_2pct,4,4,12.162563902015862,8.092574811004967,48.650255608063446,1.4578337902461402,0.022912233470791965,5.831335160984561,0.0,0.0,0.0,0.007174479701673374,0.0032588138605767953,0.028697918806693496,15.963280005509912,0.2508889565415515,63.85312002203965,-0.13464956957720986,-1.0949600077143848,-0.6937405698412433,-32.2433926853947
full_100,stochastic,outage_5pct,4,4,12.216131904207549,8.040646865317598,48.864527616830195,2.009869281924766,0.026560981033891786,8.039477127699064,0.0,0.0,0.0,0.007173196981512049,0.0032580474066575306,0.028692787926048197,22.008068640267354,0.2908427423632886,88.03227456106941,-0.08108156738552275,-0.6593491084205668,-0.14170507816261768,-6.586111118969763
full_100,stochastic,seed_44,4,4,12.263370024735426,8.025150051306678,49.053480098941705,2.1611662334622403,0.023002198735145623,8.644664933848961,0.0,0.0,0.0,0.007174479701673374,0.0032588138605767953,0.028697918806693496,23.66477025984292,0.2518740761863673,94.65908103937169,-0.033843446857645176,-0.2752123229854027,0.009591873374856785,0.44580719833765
full_100,stochastic,seed_47,4,4,12.502987587477154,7.929609767170088,50.011950349908616,2.2177254739209555,0.06430937868234123,8.870901895683822,0.0,0.0,0.0,0.0068302998453787745,0.0032413228471841666,0.027321199381515098,24.284093942955657,0.7041876966737423,97.13637577182263,0.20577411588408268,1.6733393817991937,0.06615111383357197,3.074544624657329
