combo,h,t1,t2,mean_cost,mean_solve_time_s,mean_regret,max_regret,controllers,runs,cost_lstm,cost_prototype,solve_time_s_lstm,solve_time_s_prototype,regret_lstm,regret_prototype,mean_regret_norm,max_regret_norm,time_norm,selection_score,pareto
h12_t1_5_t2_120,12.0,5.0,120.0,15.00903715248655,0.20846285069109793,0.0,0.0,2,24,15.00903715248655,15.00903715248655,0.2102367262887793,0.20668897509341658,0.0,0.0,0.0,0.0,0.041037342956188494,0.008207468591237698,True
h12_t1_5_t2_60,12.0,5.0,60.0,15.00903715248655,0.2213083392192019,0.0,0.0,2,24,15.00903715248655,15.00903715248655,0.22310964904951155,0.21950702938889224,0.0,0.0,0.0,0.0,0.05166548609443314,0.010333097218886629,False
h12_t1_5_t2_30,12.0,5.0,30.0,15.00903715248655,0.25088036929642527,0.0,0.0,2,24,15.00903715248655,15.00903715248655,0.2520934970621343,0.2496672415307162,0.0,0.0,0.0,0.0,0.07613289096280967,0.015226578192561936,False
h24_t1_5_t2_120,24.0,5.0,120.0,15.00903715248655,0.34300533874407657,0.0,0.0,2,24,15.00903715248655,15.00903715248655,0.34060606957356465,0.34540460791458855,0.0,0.0,0.0,0.0,0.15235555542231186,0.030471111084462373,False
h24_t1_5_t2_60,24.0,5.0,60.0,15.00903715248655,0.4029138301301356,0.0,0.0,2,24,15.00903715248655,15.00903715248655,0.4035860954119983,0.40224156484827295,0.0,0.0,0.0,0.0,0.20192284282086384,0.040384568564172774,False
h24_t1_5_t2_30,24.0,5.0,30.0,15.00903715248655,0.5387788513704115,0.0,0.0,2,24,15.00903715248655,15.00903715248655,0.5408345731677645,0.5367231295730585,0.0,0.0,0.0,0.0,0.3143352972061576,0.06286705944123153,False
h36_t1_5_t2_60,36.0,5.0,60.0,15.00903715248655,0.7767082015120016,0.0,0.0,2,24,15.00903715248655,15.00903715248655,0.7768379049369688,0.7765784980870344,0.0,0.0,0.0,0.0,0.511194076423611,0.10223881528472221,False
h36_t1_5_t2_120,36.0,5.0,120.0,15.00903715248655,0.796668127546263,0.0,0.0,2,24,15.00903715248655,15.00903715248655,0.7982817526126637,0.7950545024798624,0.0,0.0,0.0,0.0,0.5277085865924367,0.10554171731848734,False
h36_t1_5_t2_30,36.0,5.0,30.0,15.00903715248655,0.9886408397771206,0.0,0.0,2,24,15.00903715248655,15.00903715248655,0.9932083133049395,0.9840733662493016,0.0,0.0,0.0,0.0,0.6865436094693564,0.1373087218938713,False
h12_t1_10_t2_120,12.0,10.0,120.0,15.01521527586968,0.17027139995342958,0.00041162689653987555,0.000722253305827187,2,24,15.019877479187217,15.010553072552144,0.16942769263150156,0.1711151072753576,0.000722253305827187,0.00010100048725256414,0.8317930290775721,0.9404183010198843,0.009438373075899228,0.7107722066541624,True
h12_t1_10_t2_60,12.0,10.0,60.0,15.01521527586968,0.18294348555517514,0.00041162689653987555,0.000722253305827187,2,24,15.019877479187217,15.010553072552144,0.18395662940502377,0.18193034170532654,0.000722253305827187,0.00010100048725256414,0.8317930290775721,0.9404183010198843,0.019923045522632576,0.7128691411435091,False
h12_t1_10_t2_30,12.0,10.0,30.0,15.01521527586968,0.21419845921224384,0.00041162689653987555,0.000722253305827187,2,24,15.019877479187217,15.010553072552144,0.21620353732307493,0.21219338110141275,0.000722253305827187,0.00010100048725256414,0.8317930290775721,0.9404183010198843,0.04578288986273905,0.7180411100115304,False
h24_t1_10_t2_120,24.0,10.0,120.0,15.01521527586968,0.2612559094435296,0.00041162689653987555,0.000722253305827187,2,24,15.019877479187217,15.010553072552144,0.25312885753382747,0.2693829613532318,0.000722253305827187,0.00010100048725256414,0.8317930290775721,0.9404183010198843,0.08471743997227467,0.7258280200334375,False
h24_t1_10_t2_60,24.0,10.0,60.0,15.01521527586968,0.32971435377809255,0.00041162689653987555,0.000722253305827187,2,24,15.019877479187217,15.010553072552144,0.3283361480089548,0.33109255954723027,0.000722253305827187,0.00010100048725256414,0.8317930290775721,0.9404183010198843,0.1413588159555579,0.7371562952300942,False
h24_t1_10_t2_30,24.0,10.0,30.0,15.01521527586968,0.456579733559341,0.00041162689653987555,0.000722253305827187,2,24,15.019877479187217,15.010553072552144,0.4528597577192368,0.46029970939944526,0.000722253305827187,0.00010100048725256414,0.8317930290775721,0.9404183010198843,0.24632511697656678,0.758149555434296,False
h36_t1_10_t2_120,36.0,10.0,120.0,15.01521527586968,0.5695574417377122,0.00041162689653987555,0.000722253305827187,2,24,15.019877479187217,15.010553072552144,0.5690881972084406,0.5700266862669837,0.000722253305827187,0.00010100048725256414,0.8317930290775721,0.9404183010198843,0.3398009899512317,0.7768447300292289,False
h12_t1_15_t2_120,12.0,15.0,120.0,15.016464629235161,0.15886390275533924,0.0004948669706890363,0.0007680128141316505,2,24,15.020564285347438,15.012364973122883,0.15881793641500347,0.15890986909567503,0.0007680128141316505,0.00022172112724642198,1.0,1.0,0.0,0.8,True
h12_t1_15_t2_60,12.0,15.0,60.0,15.016464629235161,0.1699692302162406,0.0004948669706890363,0.0007680128141316505,2,24,15.020564285347438,15.012364973122883,0.1679145000408281,0.1720239603916531,0.0007680128141316505,0.00022172112724642198,1.0,1.0,0.009188362871004037,0.8018376725742008,False
h12_t1_15_t2_30,12.0,15.0,30.0,15.016464629235161,0.20009751417356128,0.0004948669706890363,0.0007680128141316505,2,24,15.020564285347438,15.012364973122883,0.20070604278243445,0.1994889855646881,0.0007680128141316505,0.00022172112724642198,1.0,1.0,0.034116002929809,0.8068232005859618,False
h24_t1_15_t2_120,24.0,15.0,120.0,15.016464629235161,0.24197890328336003,0.0004948669706890363,0.0007680128141316505,2,24,15.020564285347438,15.012364973122883,0.24195734508832056,0.24200046147839946,0.0007680128141316505,0.00022172112724642198,1.0,1.0,0.06876796632642129,0.8137535932652843,False
h36_t1_10_t2_60,36.0,10.0,60.0,15.01521527586968,0.8135191764184023,0.00041162689653987555,0.000722253305827187,2,24,15.019877479187217,15.010553072552144,0.8138635644506577,0.813174788386147,0.000722253305827187,0.00010100048725256414,0.8317930290775721,0.9404183010198843,0.5416508636067222,0.8172147047603271,False
h24_t1_15_t2_60,24.0,15.0,60.0,15.016464629235161,0.30389005886990006,0.0004948669706890363,0.0007680128141316505,2,24,15.020564285347438,15.012364973122883,0.3027223847455522,0.3050577329942479,0.0007680128141316505,0.00022172112724642198,1.0,1.0,0.11999222471007695,0.8239984449420155,False
h36_t1_15_t2_120,36.0,15.0,120.0,15.016464629235161,0.3952081687963306,0.0004948669706890363,0.0007680128141316505,2,24,15.020564285347438,15.012364973122883,0.3732524266352104,0.4171639109574508,0.0007680128141316505,0.00022172112724642198,1.0,1.0,0.19554730704802506,0.8391094614096051,False
h24_t1_15_t2_30,24.0,15.0,30.0,15.016464629235161,0.43317729333138444,0.0004948669706890363,0.0007680128141316505,2,24,15.020564285347438,15.012364973122883,0.43925212908624983,0.427102457576519,0.0007680128141316505,0.00022172112724642198,1.0,1.0,0.22696232793333454,0.8453924655866669,False
h36_t1_15_t2_60,36.0,15.0,60.0,15.016464629235161,0.7419659764900968,0.0004948669706890363,0.0007680128141316505,2,24,15.020564285347438,15.012364973122883,0.7335157224287134,0.7504162305514802,0.0007680128141316505,0.00022172112724642198,1.0,1.0,0.4824489384192403,0.8964897876838481,False
h36_t1_10_t2_30,36.0,10.0,30.0,15.01521527586968,1.3674935157571015,0.00041162689653987555,0.000722253305827187,2,24,15.019877479187217,15.010553072552144,1.3661748185825158,1.3688122129316875,0.000722253305827187,0.00010100048725256414,0.8317930290775721,0.9404183010198843,1.0,0.9088845320389827,False
h36_t1_15_t2_30,36.0,15.0,30.0,15.016464629235161,1.2896500612175177,0.0004948669706890363,0.0007680128141316505,2,24,15.020564285347438,15.012364973122883,1.3017435260294756,1.2775565964055597,0.0007680128141316505,0.00022172112724642198,1.0,1.0,0.9355936229741623,0.9871187245948325,False
