controller_name,factor,level,cases,mean_cost,std_cost,mean_solve_time_s
ideal,h,12.0,108,15.020009365412768,7.782140843857317,0.18873299169347696
ideal,h,24.0,108,15.020009365412768,7.782140843857317,0.3711067621817648
ideal,h,36.0,108,15.020009365412768,7.782140843857317,0.8610705319121346
lstm,h,12.0,108,15.016492972340403,7.789529657685239,0.1980518012220324
lstm,h,24.0,108,15.016492972340403,7.789529657685239,0.3670314844817188
lstm,h,36.0,108,15.016492972340403,7.789529657685239,0.858440691798843
prototype,h,12.0,108,15.010651732720525,7.783875046776262,0.19683609901634871
prototype,h,24.0,108,15.010651732720525,7.78387504677626,0.3688116871872215
prototype,h,36.0,108,15.010651732720525,7.783875046776262,0.8614285324795008
ideal,t1,5.0,108,15.009037152486552,7.784505225413762,0.496593561982106
ideal,t1,10.0,108,15.021948970857862,7.78182016780547,0.48292626953914347
ideal,t1,15.0,108,15.02904197289389,7.7800831582969465,0.4413904542661269
lstm,t1,5.0,108,15.009037152486552,7.784505225413762,0.5043105090453694
lstm,t1,10.0,108,15.019877479187219,7.791871582751215,0.48367102254035926
lstm,t1,15.0,108,15.020564285347438,7.792204315601259,0.43554244591686536
prototype,t1,5.0,108,15.009037152486552,7.784505225413762,0.5017709905739048
prototype,t1,10.0,108,15.010553072552144,7.78392133860084,0.48644752755186915
prototype,t1,15.0,108,15.012364973122883,7.783198161281582,0.43885780055729706
ideal,t2,30.0,108,15.020009365412768,7.7821408438573165,0.6346940051998665
ideal,t2,60.0,108,15.020009365412768,7.7821408438573165,0.43587716502705975
ideal,t2,120.0,108,15.020009365412768,7.7821408438573165,0.3503391155604501
lstm,t2,30.0,108,15.016492972340403,7.789529657685236,0.6403417994508696
lstm,t2,60.0,108,15.016492972340403,7.789529657685236,0.43709362205313435
lstm,t2,120.0,108,15.016492972340403,7.789529657685236,0.3460885559985902
prototype,t2,30.0,108,15.010651732720525,7.78387504677626,0.6351018978147098
prototype,t2,60.0,108,15.010651732720525,7.783875046776262,0.4391136339889205
prototype,t2,120.0,108,15.010651732720525,7.783875046776262,0.35286078687944067
